,5GB1_FM03_TR1_QC_tpm,5GB1_FM03_TR2_QC_tpm,5GB1_FM11_TR1_QC_tpm,5GB1_FM11_TR2_QC_tpm,5GB1_FM12_TR1_tpm,5GB1_FM12_TR1_QC_tpm,5GB1_FM12_TR2_tpm,5GB1_FM12_TR2_QC_tpm,5GB1_FM14_TR1_tpm,5GB1_FM14_TR1_QC_tpm,5GB1_FM14_TR2_tpm,5GB1_FM14_TR2_QC_tpm,5GB1_FM18_TR1_QC_tpm,5GB1_FM18_TR2_tpm,5GB1_FM18_TR2_QC_tpm,5GB1_FM18_TR3_tpm,5GB1_FM18_TR3_QC_tpm,5GB1_FM19_TR1_tpm,5GB1_FM19_TR1_QC_tpm,5GB1_FM19_TR1_UW_tpm,5GB1_FM19_TR3_tpm,5GB1_FM19_TR3_QC_tpm,5GB1_FM20_TR1_QC_tpm,5GB1_FM20_TR2_QC_tpm,5GB1_FM20_TR3_tpm,5GB1_FM20_TR3_QC_tpm,5GB1_FM20_TR3_UW_tpm,5GB1_FM21_TR1_tpm,5GB1_FM21_TR1_QC_tpm,5GB1_FM21_TR2_tpm,5GB1_FM21_TR2_QC_tpm,5GB1_FM21_TR2_UW_tpm,5GB1_FM22_TR1_tpm,5GB1_FM22_TR1_QC_tpm,5GB1_FM22_TR3_tpm,5GB1_FM22_TR3_QC_tpm,5GB1_FM22_TR3_UW_tpm,5GB1_FM23_TR3_tpm,5GB1_FM23_TR3_QC_tpm,5GB1_FM34_T0_TR1_QC_tpm,5GB1_FM34_T3_TR3_QC_tpm,5GB1_FM34_T4_TR3_QC_tpm,5GB1_FM34_T5_TR2_QC_tpm,5GB1_FM34_T6_TR3_QC_tpm,5GB1_FM34_T7_TR3_QC_tpm,5GB1_FM34_T8_TR1_QC_tpm,5GB1_FM40_T0_TR1_QC_tpm,5GB1_FM40_T0m_TR2_tpm,5GB1_FM40_T10m_TR3_tpm,5GB1_FM40_T10m_TR3_QC_tpm,5GB1_FM40_T150m_TR1_QC_tpm,5GB1_FM40_T150m_TR1_remake_tpm,5GB1_FM40_T180m_TR1_tpm,5GB1_FM40_T180m_TR1_QC_tpm,5GB1_FM40_T20m_TR2_tpm,5GB1_FM40_T20m_TR2_QC_tpm,5GB1_FM40_T40m_TR1_tpm,5GB1_FM40_T40m_TR1_QC_tpm,5GB1_FM40_T60m_TR1_tpm,5GB1_FM40_T60m_TR1_QC_tpm,5GB1_FM40_T90m_TR2_tpm,5GB1_FM40_T90m_TR2_QC_tpm,5GB1_FM69_t3_TR1_tpm,5GB1_FM69_t3_TR1_UW_tpm,5GB1_FM69_t4_TR1_tpm,5GB1_FM69_t4_TR1_UW_tpm,5GB1_FM80_t2_TR1_tpm,5GB1_FM80_t4_TR1_tpm,5GB1_FM81_t1_TR3_tpm,5GB1_FM81_t2_TR3_tpm,5GB1_LTrecycle_TR1_tpm,5GB1_LTrecycle_TR1_QC_tpm,5GB1_vial_wLa_TR3_tpm,5GB1_vial_woLa_TR2_tpm,5GB1_FM_85_TR1_tpm,5GB1_FM_85_TR2_tpm,5GB1_pA9_red_tpm,5GB1_pA9_yellow_tpm,5GB1C-5G-La-BR1_tpm,5GB1C-5G-La-BR2_tpm,5GB1C-5G-N-BR1_tpm,5GB1C-5G-N-BR2_tpm,5GB1C-JG15-La-BR1_tpm,5GB1C-JG15-La-BR2_tpm,5GB1C-JG15-N-BR1_tpm,5GB1C-JG15-N-BR2_tpm
0,9.52984986829902,7.499090589628314,5.468449831802217,5.010820470825815,-5.870308599861351,-5.77790095453302,-10.125820212489488,-10.326414281264588,-1.3357291009231782,-0.890927251355737,3.191184502418927,3.16627477238061,-2.352690663622278,-7.056762535665365,-8.055785383740833,-0.6031910334227583,-0.3759343946242361,-3.015084850162552,-4.971493531444684,-5.110999877394413,-6.696498622143539,-5.926576230671703,8.468873214577227,-9.108164431771945,-1.7697951323314185,-1.6944385646920403,-1.9347668049654765,-1.5435673967955623,-1.338113562453257,-2.645132808872792,-2.406203678765819,-3.057631291856344,-9.213634875554993,-8.52647822195241,-2.7751961043230597,-6.88020525971569,-5.774935757024348,-7.197099860155487,-6.997135751461132,7.369128398785008,4.545812106216365,1.316397270307119,-0.0151881519356542,10.188705335164617,4.081598588208066,5.144993719983817,8.170299868352696,-2.909159357507096,-3.143197440220392,-3.771530637608784,-2.269320362884934,-2.9531573312191925,4.214019979670994,4.628294516860225,-2.119120926382906,9.903074930593188,1.686196326842251,1.5966757725711604,-2.7056401140208077,13.519660598811068,-0.3170957396088147,-1.591941005273686,-1.786214601980245,2.580639904275172,0.0637869463262964,6.000302160811645,-1.341995803482006,0.1734507937420057,1.8806692196866208,1.6318003935899157,-7.582769994598945,-8.614955891072404,9.76886852771537,9.503926647486796,2.5692380917106163,3.4832541318762167,3.5085440665137937,3.91717499139016,-1.753261909234763,-3.977449526652504,-3.956464264107073,-4.478061520064121,-0.7418685679839234,-1.859979947388606,-2.9553201121204724,-3.948350124224496
1,0.3322690213258449,-0.7362244652009361,1.01568659648093,-0.3820868979402102,0.9981785097015696,1.0163275907935865,1.8407932686848527,1.6500558470653257,-0.6470875217573215,-0.897333811365812,-0.3596225773481946,-0.3013493371722857,4.197128356824636,2.6123934139988854,3.0873584691685445,3.509671953709581,3.115164866474226,2.578814507841356,2.116447422294747,2.174448320146847,1.7443209904926658,1.9213536701005425,-0.7780472542897048,-1.541256016723548,-0.0766140706731739,0.1887398837964517,0.4117289827756726,0.4967302218256818,1.0011185092996573,-0.0705972395728157,0.3270354942565084,0.4451169331803696,1.666308747898256,2.035039517877039,1.1051220422263048,1.670089173766362,1.5810344471098443,2.202802403001837,2.190122635400213,-2.8916995632707194,-0.8257050861998839,-0.0776085565567231,-1.2399459571739893,-1.5337773076849466,0.1147370741977034,-1.8812184320401184,-2.751381659419744,-2.2322510375536164,-2.193560857635018,-2.616209054886673,-1.9254045439347665,-1.6192600288119543,-0.6842452881085183,-1.4147660968405602,-1.792269056108035,-2.270261683288933,-2.651039679192148,-1.804441468965261,-2.531208546505312,-3.804761182558113,-1.3088411142497,-1.717367596420294,-5.321500894168275,-6.53122017444142,-5.002296257143112,-6.811973625166389,-3.261413580625793,-1.6353245155118996,-3.4883101422186766,-3.9241585592623673,-3.5795166940746865,-3.933769954766809,-5.257182501246026,-6.8257131727065365,-5.703876332411636,-3.65102093385244,-2.291153413304305,-2.547193072551613,-11.78713659486279,-10.148063562850709,-12.942754046922078,-5.250937732423969,-8.754120799866469,-12.819042628786304,-4.555000701317708,-16.266555477916555
2,0.3587268916753194,0.7230056273274629,-0.6604067084130117,0.2848536156464215,-14.235707841931044,-14.269141450406996,-14.10526797215448,-14.393936256178698,-13.349594002149209,-13.632556669218898,-14.04140791717613,-14.286012869535464,-11.126374976315512,-11.679944794709003,-11.504404517532684,-11.7727848769984,-12.340924894290312,4.428420282507033,3.821681369489145,3.529373380655861,3.685302697723137,4.454195290911827,-1.0517268728318616,-1.3864012351349937,-0.7262169237844657,-1.84200533105675,-1.6759219286755596,1.0641699604231254,1.0531773717359505,1.7499058685084108,0.8884292074591409,0.844857364354209,4.360451665298601,4.285482508309045,5.675319201655279,4.698123311203074,4.6561428811683525,-11.451430573533653,-11.32900204887359,-7.846952059432599,-7.413663385984731,-7.7818106643943805,-6.558159051123554,-5.834028662075228,-6.621745134071473,-5.9112819697883445,-4.0203222876475,-4.740476207414741,-4.983530896021907,-4.711451793384621,-4.193882616515592,-3.963194445739185,-4.325308567868399,-4.194970430282782,-5.039206635301943,-4.549464568687582,-4.751828139789681,-4.607620217893188,-3.2231392276048005,-2.7543567907062125,-3.4750874605360957,-3.5207570839440967,-9.73334848343119,-10.530677497621395,-9.919338635537748,-10.87627749969655,5.92211303951554,7.758731117525794,8.078784528591584,8.20884317902378,-10.021609192249564,-10.265124581179125,5.96946959771586,6.491450174815855,5.381143013106874,5.244786274612844,-6.672028619445506,-5.477085537420701,4.368586850280898,4.047419537839702,4.256873974711555,3.606128219753783,4.391246460366923,4.378823439422139,4.961651886606683,3.9777292847599104
3,-5.659867361905517,1.4279569292470395,2.1886992571106427,1.2408294323380282,1.7701863666495856,1.2875206449194403,1.572552933300719,1.1252834514449652,1.544704045079263,1.7845977356423004,-1.1245415122477345,2.7861407213852583,3.626934584024856,1.249970368091482,1.2206996272591208,1.5486421707667284,-6.05151984028605,3.792314149850583,2.126478321319952,2.0851678835910503,2.2860215190964994,-4.350751520378197,-5.479673559392807,1.4030500567583013,2.304277670823448,-6.939980393341472,2.187534829717817,2.232629000516968,0.7996883310331636,2.786042571374182,2.3498907845001957,2.5884511406686777,2.3694987921446766,2.2705038733820477,1.959774779151127,0.9615354867145656,1.821202556192904,3.2966014208496244,3.4256672962301224,-5.10618406400816,2.704751019042365,0.6349513704915425,-6.140862601480031,2.682039482652668,1.3765980657310906,1.68756796246458,-5.417703567568573,0.8284599504042239,2.117039123041268,2.6961377312331694,2.8858918107387104,3.297509361663967,3.010841868731907,2.246679869141849,3.5656956534003514,-4.489141811753567,0.985908044275418,1.6961899555654654,0.972921827427696,5.052954494935332,2.697832057775613,1.571557187551947,1.3234110893662532,-7.530905628003576,0.6157657203217306,-6.631537081806876,0.6768119549395958,2.642938823730498,1.6933709776463743,-0.1009672832805873,1.808561198802904,2.0619786085681566,-3.8282189178894335,-2.890095116106188,4.439614038140828,2.538600728119953,3.870540339167602,2.91916563903981,3.0946059877627152,2.2516789802151944,3.0300396830860232,0.0748586517892891,3.538137781974184,3.847606182209176,3.462035078359085,2.261119954393142
4,-8.09908358942284,-1.3293721018512028,1.478984452876615,0.4279193640654915,0.7333128247366862,0.8891909210817437,0.728142359362101,1.8794157884996403,1.2584820439758075,1.0045717041232805,0.8432074760421633,1.9290335252553863,1.7844397313905822,2.8335400761948257,2.968315010127291,2.417369450776996,3.2849531400654657,1.6440207044811963,2.0551735837959813,1.7210060728890806,1.5521144077403553,0.8382558750725712,-12.088369889636224,1.6133052151152745,2.028702495389637,3.0268652025188123,1.9767852436348428,2.1322005860930417,3.2781814560177414,1.6421540428703825,3.6709771770522015,2.147654162218313,1.0228455646943813,-14.868177815723437,2.331249239531855,1.428818534438284,1.6094269291438843,2.666928957552628,1.6069638439828584,0.1523638779338696,-0.4991317823041506,1.1501687470277722,-7.242456620046,-1.3719856738478968,-0.55936448999461,0.1491174395556348,1.218558717819941,0.7655461237158533,1.7333699234843123,1.516405470206775,1.551371531972055,1.853918014020309,1.0817023923873723,1.821252219359197,1.2994496034705243,1.874191887168752,1.4948414452902097,1.5214851505929012,0.2605695654073343,-0.9235839194834616,1.028981630831451,0.4904724435684066,1.800570586539982,1.0711236374202913,2.0569072215543147,1.7706237683375263,2.092239589563832,2.4708244879981383,1.4953178430611973,0.5147161404373437,2.160247751219864,-1.3793156568245657,-2.395228346470597,1.832643491691592,0.2963198507780665,-0.0398508779695431,0.8986048620741623,1.3132678716455966,4.971210142174218,4.746342978093945,4.872671148067452,5.16503722879813,4.9827767600573045,4.976336137963248,5.84094351110097,4.804736735468614
5,5.379446804584639,6.10333485744608,5.971049470450355,6.75531244383793,6.570261252477728,7.135627715634392,7.258387563139447,7.121024322343728,6.088885488668471,5.8795496109500816,5.943867418546255,6.28986743085853,9.48336709536954,9.616607812921728,9.31861236863323,8.354123397834028,8.244528602622104,8.91436452171623,7.067034894463967,7.560710663244736,7.754371289962694,6.0378964553258925,-66.23138215385484,5.637981653482595,7.393758782510093,5.423195672476448,5.819242055678731,5.870677780178609,5.613563610098637,7.511809024940958,5.73881015276868,5.739561759689384,6.744124777040208,6.8207968297641655,7.880190639878434,7.097960943493911,6.552498646370833,10.191466596642751,9.412203142439235,6.082039190544159,6.331208096334699,5.381076502528698,6.484117428712222,5.519278712533025,4.988316810247167,5.468377641144511,6.683095633628943,6.488193721951387,7.597011156990569,6.834590044591616,7.067258716854954,6.483309062060458,6.542887648353086,6.341257220929127,6.154331752950243,7.352981889913607,7.493375183276022,7.608681341705774,5.9632091430129766,6.068119069344586,7.176530724794857,7.132869387087048,7.797643257291948,7.99149870593645,7.702430986595069,4.992235679292823,8.706166257749077,8.661530843584067,9.720023650150123,9.53446907029162,4.958670431667298,4.609117846123083,7.099744023027058,8.858488806563038,8.094854880879783,9.399318686634537,7.439557145667631,7.413245589064246,10.511500451364927,9.96995110810578,9.783052214115168,9.800620402668663,10.655250547969844,11.031199137438875,10.54688261364616,9.22769870275709
6,-34.612398279016745,4.646586592654353,2.1221326812440258,2.8756617954792096,3.4551947989599427,3.403893775863639,3.365506790001665,4.287780960413709,2.728458687338017,3.575445787483166,2.7890959240559483,2.500793757573183,5.271537104177288,5.746729277583237,6.1936617054519605,6.0362697858166765,5.898187460708432,3.9716064137858,4.537135579345821,4.2968454737652175,4.286196057872133,4.071259891142315,-0.5783104962899261,1.923846606951888,3.030517795988523,5.101930510007663,3.065063164016919,3.590656743521736,3.776974240761793,3.170434606686846,3.2952014886380385,3.5894970260788903,3.523599790310892,4.385571981288979,3.732801103876042,1.555899317434504,3.329921596956684,7.737480170295989,6.928229719986934,3.2483959219800256,1.9088285721944067,2.102245472410766,1.1907547877540758,3.074236613471068,1.4794851440368246,1.9594340626402784,3.1116041163356725,3.211807982531273,2.0162042582464976,1.6825994014064218,1.205035660309762,1.2469392831380928,2.270169056219342,1.9158074213571137,2.704221124874502,2.773959785951128,2.4651884587943225,2.27222520040148,2.631296649190584,2.361121317957798,2.089240403367697,2.461879977689641,4.08094738151672,3.058311320549344,3.609549582720705,2.387846482249729,3.319924063001459,3.737144716489605,4.298116437581357,3.976050640203853,1.3169764629527545,0.7261758744671937,4.980647110713616,0.4318499238346336,3.794490121861017,4.9130276073870425,4.492622328899527,3.823522394465004,7.195999788114408,6.2711321709092775,7.270290185333915,5.919231940157822,8.376768355083879,8.400545035331575,8.013570689863162,6.389559130671008
7,1.0362409010531388,0.1925850734505111,1.960134859405264,1.434704287013143,1.4028008127983906,1.8167336698926404,1.0651977093486396,1.422297954619601,0.8177709958214355,0.7687964351123115,2.110144051379435,1.701917806378478,2.74163697781687,2.577400813450097,2.687009318874063,3.8807771669507543,3.662917681240225,0.9126191244673688,0.835662243942883,0.810847227643106,-0.1075279640993213,0.149257232257199,0.9937995973623368,-0.786866276580309,-0.1768374094353967,-0.1612786590606118,0.0630974348023906,-0.1995838273393634,-0.2021977251491002,-0.1119749696751342,-0.273934447733491,-0.3730496916949856,0.3782265993032621,0.5423070724290889,0.9392056591193504,0.1789259144401397,0.2500763120391044,3.017548793723846,3.2447607560630884,1.8514450978619936,0.7856825474406981,0.7025003919234772,0.2669482378457858,1.2648528889962554,1.2282269148512246,0.6568054006795104,1.4786561130111078,0.5017958136681782,0.596240273568528,0.6872116754054594,0.4340195894299324,0.1413088911291022,0.5969559864551062,0.900928918686485,1.018368293397656,1.7924799337929342,1.0928862191658562,0.9442298787761908,0.0978970643369414,1.0280146805899095,0.5120405080754707,0.7065368055008917,0.2446993137874878,1.05281740524038,0.2407660924299601,1.538103209473123,0.6947041510638937,1.160659786534842,1.694502108760421,0.8474756709202755,0.846805722746745,1.0621729896577743,4.7032415495503335,3.2143634213220693,1.1723367639566276,0.555624016660503,2.2095146268445647,2.6209315676812177,5.594312499194921,6.99950789871886,0.8326765496079466,1.9189869606090024,17.433299046258607,9.687343742768036,4.822446277189505,18.178736335995005
8,-0.063541484754132,-0.1199968405518625,-0.5858931168713203,-0.0781286674975772,-0.3951506257354926,-0.5625756858287019,-0.3277921919497333,-0.3989475907665447,0.4754462729768529,0.5575606849985342,-0.2606052563573293,-0.1730765095731281,-3.715880089535226,-3.303510274556567,-3.175224364229466,-3.631637151953677,-3.560224477100229,-0.3075516165245701,-0.2127729139472631,-0.3878387894235218,-0.2659012309082787,-0.393178716558288,0.6324133586430062,-0.2257068818568437,-0.3926777747665568,-0.3815070880940087,-0.3997746489626332,0.1205070935252132,0.262620859100436,0.115180311147982,0.2627301012120214,0.1897529953573578,0.0846509424205695,0.0823362580659158,-0.1279873552368341,-0.0418196695503869,-0.0119956174746933,-5.1536379397669565,-5.19702538310274,0.8539757096993568,0.7590263605100626,0.7884242872051288,1.1224928585609697,0.7931955735589438,0.2602850058679234,0.7111833190747997,0.8408040682016292,0.138612970243392,0.7374001681825948,0.8437477791617048,0.8875131850146865,1.0824264785715316,0.5204408401998117,0.5639748699538465,0.4988313297464319,0.6670729425618377,0.4615574489749844,0.6636824657266444,1.431869406950403,1.617234850906912,0.5828345879995361,0.7602828507793863,0.8390126754596126,0.3810821929015513,1.2534630301009315,0.5160189637675052,1.6165091480409557,2.0609269507346464,2.7491246921524235,2.992413806262604,2.644426491454197,2.801357328956001,-32.22611946718958,-1.1594443971084665,3.498986460330244,2.491197020243368,-31.28859073607326,-29.76272674424992,-29.92651179835117,-30.56550077189509,-1.248836691376584,0.3786033003394227,-1.6743277861739754,-1.506294936286213,-0.7398018679721763,-1.1491689736131838
9,-0.2702718489987701,-0.2524984834214002,-0.607710018800843,-0.2982023598543273,-7.198589173580398,-7.287828958501716,-7.049716491046595,-7.34855242696878,-4.857357798738981,-4.95778172294678,-4.617794700345366,-4.917841753253643,-5.782741502988252,-5.107856116534801,-4.862893351837985,-5.809680220492356,-5.561770658154369,-6.242662178934919,-5.433597720442266,-5.282878023482921,-5.374558977614612,-4.802299469102424,1.6682860298835,1.1716623403546231,-0.402519095807019,0.8299954898748356,0.2437553442125815,-0.8480102120166291,-0.1072448616664381,-1.0890808839337884,-0.3149745740468558,-0.6290992444346615,-1.1493269081239392,-0.9627905060509316,-1.656761683527597,-0.4464056527577966,-0.950696163564391,-1.7288021291977884,-1.5884597253176702,1.9659550410273063,3.1688242547452767,3.9321407809454727,3.0977569971800274,2.353134339412282,0.8992600440623523,1.3391192395210034,2.480757849621856,2.87366781249619,3.004956702186697,2.899785859332178,-2.471897367700594,-2.656792775296724,2.849975654810641,2.639483392811115,2.7556196012803325,2.382584155771328,-1.6467220064252095,-1.659390564036058,-8.324961993092357,-8.268220968122058,-8.092731842226508,-7.608780303526336,-3.5434469946371907,-3.0858695628158888,-3.3290034649912004,-2.729917413347662,-3.924502092227184,-5.18322485919245,-5.018273096434808,-4.972116240169052,-0.3389161618864604,-0.4759246569845672,-12.477109688586497,-10.931231071677216,-4.067334609968727,-4.455691433856384,-4.796640665457729,-4.7638494392939865,-8.94194945090753,-8.763669625913721,-9.286260307178402,-7.532056480349309,-8.00527768604202,-9.2668298478058,-9.896173699783375,-9.343441086409191
10,1.5265888841970654,1.04086730286022,4.004736671314837,3.572089234144352,4.189172133781082,4.447941443833388,4.327929545913892,4.419963863388741,0.98310529961073,0.6597649238368964,2.350038793716936,1.4978230489978588,8.627851882745437,8.563324644533497,8.85151894053646,9.274518940486272,9.324923086096808,-2.858771817360736,-2.0898682833371187,-1.942826055357538,-2.324857422578517,-1.8572235589186656,0.2541512690033831,0.76735838213291,-0.5963170435519406,0.0033138928793817,-0.0629648489337376,-0.7011013917191524,-0.8059921682656376,-0.9098821004705806,0.0041133199037367,-0.520135498035685,-0.0608598635441703,0.5530603754745262,-0.9272760517553352,0.0062488670637159,-0.2447967458217418,10.82288533105032,10.734155315428222,7.10188281823964,5.260672250926754,4.382674841166653,3.93726095223545,3.32840214338688,3.328787651197239,2.616542124948273,6.717572629194571,6.71031950145841,7.696967250442586,7.488248142665701,6.152898924451317,5.932176188595474,6.777551744659059,6.70471183955472,6.580788637039712,6.806268217752368,7.76935168985962,7.436826024239221,6.3487644430483385,6.975110152018718,6.538570513991375,6.19514416226838,14.230111701125969,15.280937000866604,10.1242051413472,11.05459863189385,16.42110323785261,16.01519141027708,14.114193440665671,15.070748149464633,6.252627075521501,5.596348218812265,17.419336254965156,16.478692942535538,13.649014006182115,12.53204649714734,-1.414563756496842,-1.2239844908419346,18.38254371785048,15.621763050899396,15.345541341262498,8.061504226778327,18.29059561316111,17.700802399949477,15.644463640206352,13.196897313695128
11,-0.0954674572690927,-0.2732930484180058,1.0195705753020854,0.7219307771086253,2.164885225886876,1.936977402508443,1.6892381088342987,1.6944411372671844,2.382478223348309,2.6227820626113787,2.3009389162803755,2.2923742794431043,-6.9329746822747085,-6.947292316485612,-7.109008014240022,-7.141782227567072,-7.475496900658283,4.924130258950509,4.268032059515926,4.17530335329815,4.062957067873164,4.084223958388842,0.1516610050196099,-0.4856724181216148,0.2691326195946917,-0.3376688209970264,0.0009155142498908,-0.0227229832682776,-0.1000518472477695,0.4128648882752317,0.2771259590586747,0.2031765891237133,1.5671434347299753,2.0575047345099065,2.529459084760953,1.7371858359493404,1.6939553670612266,-0.3651754224524921,-0.2352074335376906,0.8619512824553769,1.682725871677337,1.476466674334965,1.5162316400223228,1.875107340556232,1.6270431663399985,1.800024513975178,-1.525244865332475,-1.9235575885448597,-1.87765657827884,-1.2946885344436632,-0.942297989716151,-0.5994468358743599,0.5180083388886819,0.939782162231882,-1.0158669349343237,-0.826149578541629,-1.09253417890324,-1.0934031582609518,-0.2276388676651131,0.3488922581442714,0.7306154187798158,0.3945386020624557,3.922314036692813,2.952443174169431,4.7457896564620405,3.5898304529553284,9.52675758212297,7.227192542572834,6.335989917814271,6.518255384312386,2.4658788301936347,3.4363568993105598,-4.981296467907078,-4.966384285212751,-16.254206378873565,-17.88225885248066,-3.350193864180349,-3.1139321606830936,-6.423918361350897,-4.273408902403022,-5.3695878521487215,-1.9687921097444008,-6.225946372640638,-6.232145442518889,-5.866438927585093,-4.371275604015142
12,-6.141890942016744,-6.183514455734233,2.590026232307055,1.8633746985350392,2.7721836209954023,3.614150839706824,2.4791130462602267,2.4488929905906405,3.4425011899232025,2.501257736317516,2.9863138707678885,3.8589714984083296,2.31553488651942,3.262798918323694,2.1823801442463218,-0.545359199576141,2.8453005455564715,4.449127208490997,5.411373659215222,5.1481067859076095,4.887687786349432,4.554849031955799,-5.930603526617577,1.6291511006695183,3.7042514404999234,2.446633730371893,3.374497235299426,2.5728103868075283,-5.824224009610109,3.331156504662027,4.073858677372277,2.9478738582960977,3.575090948900052,3.574346396066224,4.228791183016999,2.382221463015707,3.751141598082749,1.2167562713371527,1.1431263512330447,-5.974987028569346,1.7834757347733858,-5.696020486291137,3.1863521134750483,2.885921280945733,0.809142809004436,1.8115231121920317,0.9738144999559027,3.709087001918909,1.5451377133675814,3.62313966294272,3.0275083905231592,3.3454863863954087,1.3626745646010796,3.813666330625643,1.8799913247652729,3.4132516079069912,4.074294853404276,2.9764498557727763,3.427869540727009,-6.170006529178406,3.1263791291631606,-6.350626306164796,4.647976422318162,5.678686058506093,3.952939441168622,4.657630139302083,7.319764924336976,4.66280818097003,7.62413465863433,6.958715308103166,2.622060847879633,2.741963912509297,4.520709084596436,7.206355893053552,8.301741657349407,8.787206272604601,3.476973857297705,3.889341888865691,3.741901954842942,4.474999088792613,2.706972911003685,5.149000694974345,3.7073175756290793,4.216261971038136,3.4052706470067293,4.330713486351223
13,-5.350820943544127,-0.2444907032475871,-25.715086583995053,2.440344315806943,1.0330496164384104,0.4808653597965435,1.297109861830199,0.2242025644585669,1.89724311029122,1.9003414985992677,1.0230021267056444,1.2029714804148697,2.926547382746936,1.892093259847172,3.131253331379083,0.4485850217063576,-0.3127781091912114,3.695256740557846,3.1807682502773726,2.736363537453172,2.4855813695654936,0.7428802223126378,-9.183696986553874,1.6489644993768622,3.1602433994628103,-1.6958315744763592,1.5808455583763317,1.8500170664146136,0.3829710195524121,2.9383291822458517,3.2331306054438183,1.680338876949283,1.417958162673387,-0.5390674922074351,2.6117888344127054,0.7000084537457446,1.306675961712711,2.845326150887335,2.248697014473477,1.0043655538789733,0.1522420537977337,0.3296144522698505,1.8351294983716464,-3.150153279386023,2.038645592760532,0.539511585516686,0.6625983029304082,0.3347518650280858,1.0381094888056654,0.9267778370108336,1.3571894481721387,0.1823256483388405,1.2066734148487512,0.9473067846765834,-0.1716497645622262,1.4358484066938637,0.8210771711823021,1.490418474272173,0.0721401485831991,0.7003969429995219,1.107522885250014,0.2215240747434374,2.2155906520119943,-2.4796458800705463,2.768894696684694,1.1152660716980276,1.9090783388331785,2.7700001323575068,2.254201645736005,1.7426868069027854,2.1529574216090777,1.6462525193824558,1.7961539724996018,4.09617549283012,0.8912654296327798,1.2352417339254878,2.136221224981085,2.0264730257136363,2.3380908875511475,2.2478061145819623,3.121537594101661,2.798531075813823,2.660859123080112,3.3330843250540303,3.69866319008364,1.249209583448254
14,0.5877459859126555,0.2928274421757434,-2.570252990631591,-1.8135253883761573,2.134878963206422,2.4279616229155723,2.899609155376161,2.662691003444948,-3.545495112243821,-3.629138237994848,-4.7310761407867234,-4.601004809657627,-17.00126370965176,-16.628413030742863,-16.758674983381436,-18.17378752153856,-18.002711398691307,0.975652541069171,1.80939344262696,1.58903299606228,0.2966719268277742,0.8280732162079866,0.5491766464947326,0.8630230180312978,-0.8896347618971666,0.486620463697299,0.1614775297656742,-0.6671515245262571,-0.1412147026302879,-0.9292601753259416,-0.0232173348174927,-0.2903925868801985,-0.4004634793752031,-0.6548323320276991,-1.6709054129546812,-0.5592595141740371,-0.665892706208869,-11.31806031341986,-10.81294865129384,-7.581221602616271,0.4736192816845376,-0.5433399016254341,-1.1777101381181516,-1.8336708300549889,-2.228341248354345,-1.961908388629279,-8.673267579169227,-9.108650856457912,-7.242444132878103,-6.87763006430147,0.3978096815795541,0.4562060375809584,2.3926199098521783,2.607891559027047,-7.242474778241516,-8.315179276944537,-3.4337327432309075,-2.763085274686903,2.338620451584261,1.3753332660825532,3.506827238913456,3.6293286285510193,1.610901752819429,1.2001651846744674,1.4023284928130562,1.72625202333626,-7.854411832288894,-12.600844365742995,-9.250691306639505,-9.05138543438097,-3.515540779141572,-3.511179744742174,-25.323133542359365,-27.89155788137724,-7.717543160875472,-1.009768205035566,-17.84333947917906,-13.21099969110425,-22.60173098848538,-24.421034328524048,-27.49108325887106,-24.388327995582063,-24.31860065225885,-26.025348434782604,-26.02884589986843,-27.80000259231721
15,-0.379378635027589,0.0424984460608626,0.2364984539852718,0.679950808486683,2.27227841209926,2.5092494934229914,2.5814527292387868,2.61353591135627,0.7343148315315895,0.8691566634908325,2.742051080670634,2.147310622007518,-3.892507385929379,-2.5887271278524007,-3.3862283442842664,-1.384287483948197,-1.228848287259136,-3.507466118653844,-2.977458543224756,-3.1811424203911995,-2.6143679911967994,-2.204941871620256,-1.1747708008197633,1.269678686637168,-0.4255171388753245,0.4134592412650247,0.5197194332126515,-0.0123030044029647,-0.6897732793912961,-0.1345391766505489,0.2475224132563403,0.3234038147354398,1.0016110150240043,0.8170302538822473,-0.4560344598957515,0.3254095096451366,0.0001014895843517,-6.950335101977536,-7.0084011570651565,0.6871268715055605,-1.4340926277822297,-1.0954945438177477,1.789466147445912,-0.170732643498411,-0.2233363198302217,0.5716354350815923,0.5398050619720739,1.3525765629730575,0.8114726576774686,1.144890901200728,-0.2450366905699686,-0.6705525806883739,-2.7942314361241114,-2.8758478995786243,1.674672058242714,0.1807012120025657,-0.1912035179904689,-0.4615715688051013,-0.6671901930317147,-1.9566909059873625,-2.302640684738624,-2.7319023707917744,2.981992977110975,2.6596601164976943,1.907099762252982,3.00351709803834,2.0207041644084685,-0.6234253239159879,2.0682487574740134,2.223981266466672,11.851365168587693,12.074426845327892,5.041739647242177,7.521919990754992,20.17851984340506,2.882701738560105,1.944231479874136,2.3868690633664342,3.4671552117624422,3.168735631374965,3.4224517003482613,5.433896994932716,3.0325516809541044,2.42010160958569,3.388983545133444,3.205846842830933
16,1.9356763073142464,1.3185324534176417,6.565560971440238,6.217564345205656,11.770357107406769,12.323293039964272,10.802935184999214,11.054734332198588,10.774957273690516,10.345973523060556,12.375963176641111,12.412447736668996,-9.43616333639135,-7.997471292882292,-8.0821158411585,-6.310916709956865,-6.39763232505337,2.184103982155328,2.681485565517837,2.8762162949248755,2.354016676208799,2.5742545142302564,1.1094335727971334,0.431752023387078,-1.3400434290611878,-0.4359725177279956,-0.9691370062583108,-0.4344423696604405,-0.0883784178318744,-0.6683675589125274,-0.420846240009117,-0.4382068174546547,3.754015374103441,4.426592895872632,3.413278619215427,4.129931739682061,4.100752033974447,-8.326921017122555,-8.729681867687146,6.249949836733875,4.112571622418034,4.206013969519959,4.27588698816286,4.897904506808636,4.168600928911686,5.104011442932169,4.286386875928094,4.475159058075024,4.927906616107364,4.661382766255915,4.862600031057123,4.258195653306607,2.34761125059955,2.106675519432394,5.370299702412626,6.468030427054493,5.878053749912403,5.5075012628041184,4.804288043399767,6.702049637255265,2.22666391227676,2.4248428666354886,-8.087131331949093,-5.877319784948356,-2.0593544222618223,0.4062771456899411,8.342625001342109,12.542619394420944,14.999343466229632,15.65653239190484,14.92323934107258,14.465430643427004,18.289906902029276,18.81371174869235,24.46672632009644,20.095541729930247,5.480542166582019,1.3151015996473336,14.216896842841464,15.593280205275413,14.743845571074162,11.516046843381671,12.799375648869884,13.08575033161432,13.13652864026541,13.69508736817105
17,-5.48093888865718,-4.851342234161441,-10.385126214409052,-9.301377764010065,-11.844848574633785,-11.875415792549136,-11.930962838416844,-12.013421666163431,-11.70237471168346,-12.052207333835344,-13.167974707331302,-13.05087295284321,-3.0677516920779957,-3.865667082531345,-3.968211437731253,-4.6606473789096174,-4.537850767726422,-11.299015059500976,-12.846024234033642,-12.26112881859311,-11.330563870986088,-11.497705494051242,1.5826293528727258,0.1509912063461992,2.676544309088589,1.6264148497267634,1.2960060064606538,0.7885334632308216,0.4005988645912405,1.0837003901431936,0.2637492462237758,0.4631134341346273,-9.76931472509289,-9.567165411081092,-8.380987080440073,-9.705399154674105,-9.03359045546168,0.1578352545035457,-0.0703231657230688,-13.450151010535487,-10.711777230688238,-10.282004365921988,-9.41319305604273,-8.453612677366621,-9.032945408253784,-9.417154401839191,-10.19215116490806,-11.375325172445264,-11.01150788705496,-11.472578893101767,-11.260952324953353,-11.21595114811945,-9.3023904628835,-8.651938003867327,-10.402538425448135,-9.848209946637397,-11.43376160409377,-10.838730634653883,-9.742836567007211,-9.553181166093104,-10.253694142031051,-10.288829936562058,-12.92315348991919,-14.349239038612502,-10.44026955878165,-11.08786889394244,-13.611004903488515,-12.708234571855751,-12.458477942568743,-12.251785725055536,-11.253848930229244,-11.014423045413254,-10.195269689013276,-10.209446131772054,-17.333940517783432,-17.562757451662932,-10.14176127445903,-9.61198068504602,-7.621657274342527,-8.114549684058995,-8.002289072613141,-8.564568440516933,-6.724047416180344,-6.5024449253195495,-7.282168191533863,-8.648991171220118
18,0.8268460952747447,0.9946739666805522,-0.9263749845411936,-0.660450227575166,3.217143267965913,3.576636146055517,3.1135122555932577,3.1346571742273017,-0.2695234187012107,-0.3867646503982094,0.1395676038762012,-0.7142213691512381,4.537895636187187,4.865062248831401,4.760457628065639,4.628434159306818,4.703718227681735,13.352187300744118,13.735546321227943,13.42557379135186,12.337835759199235,12.191604901384943,0.211561019424379,0.5814812369835991,0.136036359702317,0.0398299559413943,0.0042573522360522,-0.8138302141567761,-0.5853294479691828,-0.2058038620123561,-0.6632668202223547,-0.5264556418823679,-2.343273415763203,-2.548596695420961,-1.9237561864399115,-1.9264109839930093,-2.058286587220057,6.618410022937697,7.062765909810342,0.1628700929181009,-1.7519144725691425,-1.719781679868731,-1.336947760781363,-1.244368936693452,-0.8553083898676627,-0.8458155166406978,0.8337361874395793,0.1244542988430019,1.0726499975103612,0.6794828765201955,0.702868465004342,0.4446668240852245,0.0330936696996161,-0.3114569831416539,0.218384175881603,0.292009124040904,0.0672671153580054,0.3182782464889676,-1.0449340246827528,-0.3839708651154544,-1.1023180771735936,-0.6931265415985434,6.058035949320263,5.983847126222426,6.364287548747832,6.0051855031491,2.513295793804465,5.1256912902944505,2.9585909454841324,3.759877570864621,2.815990125807304,2.5883260673990143,7.147567098845299,6.87446400668634,6.145902910837867,4.398050592251795,-0.9056230677954096,-1.6871983333696734,9.628152147094996,9.759090722358378,8.93736875771936,5.43880743674537,9.833946227244182,9.6439225890542,8.141647340235156,7.899274102714768
19,-0.7507687669199806,-0.9384560382372964,-0.9323480133826192,-1.434009235998511,1.6568474438693896,1.5037819385062945,1.5845617324460783,1.5572810425464931,0.8079609724191975,0.7536335746369442,0.9895913658513692,1.5373496058497391,2.774364998980517,2.4745340385757064,2.2756532476499785,2.148088671280364,2.540453162436102,4.318017574814715,3.8399148523837545,3.712806101647112,3.114943291791437,3.489121096203914,-0.1872173925237278,0.1108039462343545,0.6192718298599135,0.0637590718896428,-0.0526343712871144,0.1304626983044569,0.1597616286780874,0.5981098497714508,0.0486523315089591,0.1982552127212798,0.2893598502960369,0.0648533531446365,0.1564169904266449,0.0766257870356371,-0.2895128056438411,3.277153224237709,3.4901850396969056,2.1061045612704783,1.36863517952355,0.8971535981134637,0.5317092654987411,0.3873090981146799,1.0639560425639238,0.44114058304066,0.3423771625730182,-0.0612059308839114,-0.0655595755626196,-0.1666528878406108,0.7890736225180836,0.6587540423927518,0.1036493464196312,-0.1050153867818707,-0.479951311923644,-0.3132978296918269,0.3499624347681006,0.4208511578400293,0.0781214499697164,-1.115710874677851,1.572300815767235,1.4016244722644051,2.8001442849897016,2.636746469188255,0.8844474442343713,0.9614397536054886,4.298823408067333,2.266180778252467,3.912568929050232,3.723981060207689,2.5942488971942725,3.138482514644305,7.892941843311725,6.325244821445008,-0.0240322210054424,-0.5571597464391356,9.242280790362,3.8626100102566014,23.80874052683865,12.263494931153826,21.896463145378693,6.847613530017173,38.43528322338757,34.9199677120765,23.85150170796266,12.736931215810438
20,-1.162797961187198,-1.6739092181453932,0.1184115901650908,0.1818209825538034,-0.3081962797002818,-0.777818030567224,-0.3633025916663717,0.0314678919099868,-0.7851452268957346,-0.759732784915183,-0.8185169599540878,-0.19927051337139,2.1455593357291165,1.9032403394553412,0.8824479547913923,0.3328904743657135,1.0391136160693473,0.8608081603275219,1.0004242131339809,0.8353233697614157,1.6413183908137094,1.1471026751036555,0.1039930336328709,-0.4129512635170587,0.5487511836317495,0.4112088402731838,0.4922883528946083,0.4027756413954972,0.322852708143322,-0.2951277820127027,0.497168326675897,0.7657481382152196,0.6759168289329884,1.8416170521755724,1.2057176930071851,-0.8129909701892987,0.9523151608771434,3.832628533350896,3.6356105254138593,-2.821048312846033,-1.4562956404285825,-2.358087949397368,-2.1486163917377192,-0.7275646241786666,-0.8281477936469576,-2.863054945254405,-1.2729198609026895,-2.418317563937443,-3.554464299528894,-3.210517740994945,-2.668859409278418,-2.7500231650026024,-2.930428879464998,-1.8433432125328983,-1.8115636320636677,-1.978400777387086,-2.0286649629928672,-2.636939368092502,-2.122027628828492,-2.9694808228483733,-1.5080787427296902,-1.704608331536372,-0.4151041501611301,-1.5704578242758165,1.511125658898044,1.3776874367648562,0.6073172048116188,1.6787390893633438,1.553651541462981,2.1925833248029085,-2.1386381240431422,-3.2436187066653344,-10.744987389038467,-31.94815295698044,2.390652820918697,0.8115107119430905,0.1366093245680095,-0.7576614356457771,-4.792355457259105,-3.8032168750423576,-3.198392828693002,-3.47800750872691,-5.182656295206075,-3.624639562765464,-3.349701961531528,-3.4685018444249924
21,0.3196629288702294,0.0145992143550195,-0.1791757637850267,-0.6057448432268989,-4.924807305477254,-5.065007406845454,-4.891161780086373,-5.315200747173673,-3.7373222524118095,-3.6937390088381337,-4.069151143814321,-4.219099586686136,14.422319636889656,14.495029802691128,14.806546514849112,14.179007987630388,14.59214007943676,4.37631834080293,3.61792268900072,3.721872668818436,4.44458180282778,4.752084117232535,1.0227749044194576,-1.1027307134080917,0.0712525372493505,-0.6023433829445334,-0.4866483399919261,0.139714578576345,0.2372512218121476,0.4201544842811177,-0.084058148924139,0.0503707157049439,0.9556179018756612,0.7565856435826196,1.8817591975209291,1.1241223133151177,1.03557298523301,-1.7265489716131726,-1.7074759023234805,24.791954785956264,20.00028193631331,12.412561675772784,9.286197926451369,7.511667976934294,6.525490463307105,5.641174848280013,25.45685046989463,24.717558986937437,25.15132656195949,25.236813748502296,25.245675908494835,25.26931790647949,24.270729641062843,24.29634838748064,25.023144236405983,25.08272070790132,25.25714598749154,25.56762662939813,25.991484386376243,25.9013025290216,26.22301015292528,26.39997549050375,-1.423322632890157,-2.409819065660175,-1.4587549983087584,-2.565856450255528,-4.281729574666813,-3.295992739368869,20.52137560492679,16.32439612238989,-2.058870698736716,-2.499423478920728,-5.505361535597425,-6.448356285012826,-3.6008880396570158,-4.467264083143799,-2.400730460468263,-1.5301778169577611,-6.155137183460479,-6.437254070849118,-6.719734666937857,-5.798811064016596,-6.197618924185048,-6.029622366652416,-5.688989952916002,-6.780395492767053
22,-3.0738203024984943,-3.207340290512576,-1.111060927294598,-2.389485020833582,-1.678395662296353,-1.2168682640222426,-2.425531967075353,-1.913059254380052,-2.022544826186811,-2.0449503904391766,-0.8436541107221848,-0.6519557342933421,-0.0365346917222947,-0.4184407627689163,-0.7476275933714761,-0.1330121329448277,-0.0386984618044198,16.94640812889193,-2.6333756126869448,-2.2814125927649105,-2.220292648306524,-2.512191766868472,-3.281490530289614,-3.813368025652685,16.539714163409972,-3.637475435240461,-3.924394406554853,-3.104533372018409,-3.0617341584691893,16.497951163878394,-2.9920448600961875,-2.9414639459559093,-2.1994065474307813,-2.654240522859531,16.664719016253017,-2.1762342038905382,-2.692935747180331,-0.3825257704939326,-0.5736966997671566,-2.009260744791453,-1.40662262820357,-2.1171222494156186,-2.6846799314751943,-2.501323300822199,-1.8553572236469904,-2.5933074328177206,-1.5792111292732052,-1.772331297095378,-2.208277940607521,-2.108424655786424,-1.1006821663490471,-1.8196554777164944,-1.6235989741681789,-1.6540440564443202,-1.9355884132900791,-1.3008325990656773,-1.443691975007736,-1.9272059894347215,-2.3834107563061004,-1.6801850776288578,-1.5477689896276197,-1.3687132840691492,17.004455847858416,-4.18326002944244,16.741843444422706,-3.529335855503831,16.482017302196006,16.54695545605788,16.713535751728546,16.27064394220929,-1.6427348742572812,-1.1367454803591308,0.0643616833235782,-0.1808824775636081,14.936209780328204,16.23103422263011,17.030793897394243,16.955041382666085,27.558767158811342,27.097327158136707,27.50002686825509,27.03132916702428,27.62788216152724,27.569070166123648,28.05159425388496,27.24866608461363
23,-5.026628181193565,-5.359986733781189,-1.693128798065505,-2.462294439535296,0.8310449100036367,1.3121755482740818,-1.1704455013515394,-1.1002982342648218,1.2713896235108373,0.7022200351920258,-0.8263756137355339,-1.5834386198727493,5.427904266174966,5.222741088832213,6.1457228595751765,-3.075005935202798,-3.996546868620269,7.116701472779373,3.570740042654923,3.2411315262910456,6.26527584855426,6.201193384887604,-1.430464908156932,-1.4684253520477402,3.734475638298088,-3.5217653207407973,-2.664419877216017,2.30995535274252,2.4451907382711378,4.368220351709548,3.6683632484473097,2.9454850436676754,0.970269253134055,0.9356707488480964,5.468123137848063,0.5074423506326832,0.5641327127327848,1.404782990881905,1.9549036925518095,-5.3432320329152985,-2.9295609763490558,-2.8740190405909933,-3.21116954305832,-4.085168039055981,-2.9405336691702946,-6.265749296660938,-3.5738666407185806,-1.1005756533835758,-2.467287061514171,-2.7234119551916667,-12.72212701677221,-13.144438360324502,-3.680446044920782,-4.1932203231734935,-0.5214883932739397,2.2782294677254504,-2.385320256720489,-3.2694201942432004,-2.0052874041645623,-0.0148933789170243,-2.3246341478675943,-2.276062976561747,-0.1040311344648012,-3.5455141666853094,0.7317772641242837,-2.693922972892828,1.4109406850517654,1.9818849152437832,-0.0787480726493002,-0.4651045268751045,6.947053670798744,6.695220475969332,1.3110250053280783,0.4167442770307635,-4.762795121506853,-2.380140945322476,2.6019142777181283,3.9350431353984754,-4.475185644165005,-6.156428076674275,-5.328363939192307,-3.968808906527903,-6.712386219553117,-5.882554396459106,-3.743450766138034,-7.543321136604256
24,-11.697712887383672,-11.277181418871178,-11.813045960670747,-11.0510646978307,-8.574991320275114,-7.793053564304392,-9.770286980886786,-11.68414483318838,-10.396922853024792,-11.05715796143216,-9.68164708459507,-9.94434623364338,-6.047479134966253,-6.6953727127737945,-8.97828076017243,8.669990987290536,9.40114906090264,5.2520308720410025,5.2189565048575135,5.246552233775701,4.060852721109803,4.221869621504663,4.282382888222341,-11.449018768963926,3.396782912225245,3.390336574145804,3.765604367466661,3.937048934796536,3.975418917353419,3.5697225917042785,3.829366768902432,4.277249120402083,4.037306391354952,4.267682829563994,3.712454841464001,4.263810122162088,3.2985096619661016,10.885627823244786,9.865929843620531,3.910086378072338,4.636520375905045,4.833879467107976,3.436123004906262,3.4358711065643184,4.868147931986563,4.287012764685328,4.784655753946804,1.9030065453384355,4.548983935499374,4.280848636999703,2.9372327509398453,2.2756222639340296,5.2860415143341655,5.531979480526729,2.238023292112589,2.946104462132547,4.918014769914748,4.881711674193845,2.249814117478768,7.633454851936576,5.8619252170444565,6.181248020524956,-0.9774732938606912,-1.550258139155053,-0.918397324644346,0.7350452772024618,0.1650442024621599,0.3202809465533957,-0.2884059780154285,-0.4268113803432424,-2.1488835479417414,-1.865518882704092,-0.4754679563515366,1.5075097151849204,-1.0834539032640873,1.6674134686937392,1.3468865956355314,0.2815707112291652,0.4743442851251725,-0.272641164347074,0.129485441539279,1.0512491971004922,-0.6704527488024523,-0.6260622575149337,0.4760655018692795,0.442595805598472
25,-0.1355568654494063,0.0789976296309521,0.7680371351531978,0.479257162485226,1.468771373296154,1.5423870667981765,1.87150103684318,1.6018264659123247,-0.1111281493332098,-0.6796458221083503,-0.4004329561968285,-0.3903212361183835,4.921904328086047,3.4964559814083054,4.107755098315543,4.494955972392293,4.138102273111172,1.0334960855412698,1.600076438610624,1.5561555659138802,0.7006433969368451,0.6789776690511559,-0.1279496919819486,-1.3473930023496197,-0.4354446857726787,0.0355946513426038,-0.3442884071371382,0.3874185913321248,0.5206790035767301,0.7453233226771325,0.3291553832522471,0.2934640708790121,1.708337113056407,1.5280277941686409,0.4021709299930318,0.9008345701529378,0.8614324660820439,5.952215225614957,6.542822707071659,-1.7837411275968826,-0.652120349040898,-0.6168955058686014,-0.5231548953812878,-0.0500389277939842,0.6545709664036076,0.4505024691452772,-1.6031433697576427,-1.3782471062378034,-1.320348605242713,-1.303309747962502,-0.9469120722343636,-0.8891691363867575,-0.2287698537061652,0.3832432190951926,-1.3574123441816963,-1.999310460944764,-1.2300159220058766,-0.7938465884190907,-1.228398869460524,-0.9068821279345652,-0.8029582748228102,-0.2315775646641906,-1.7242054931846769,-2.34901499697985,-1.915312980233839,-2.5927127879957736,-1.0739753870388364,0.4650689509634327,-1.0499663576868226,-0.4750286171727441,1.9721369096304844,1.793933969874915,-7.700539070610558,-8.518580384760474,0.999071231370003,1.680061627145952,-1.865426957048922,-2.210555361129268,1.13166118438307,2.31791400627905,-0.9896438970996424,7.34200917532188,-0.7222997486680767,-0.3467325961846393,-8.28946231697273,-2.22643792490338
26,-0.0495058245322113,0.2013630093423571,1.355028728128767,0.3951581525196782,0.0875803634045722,0.3871237268318194,0.0950689899016662,0.416589394911501,-0.3694806588748461,-0.4183865423146571,0.4744516506312522,-0.3756329693949368,1.4018068271135131,1.1346961717827713,1.3603652371880943,1.26512539320227,1.2663842286871492,-0.1280407117032345,-0.3665249839910152,0.2742001563525605,-0.4953562510941019,-0.2615971527325892,-0.0797196399980546,-0.129156511231066,-0.2634027747363386,0.3528689904008071,0.0717554786436974,0.0043709268380549,-0.1963659527312989,0.3480146002288788,-0.0933999903521716,-0.1668223118726458,-0.1944146903212908,-0.44805109502082,-0.1858956367434734,-0.458086884859977,-0.33557307858492,1.1969920522456174,1.4465116126754851,-0.2052065185486994,0.1665543270131889,0.4081404344484272,0.093689229514908,-0.1458187740909197,0.5294965697767875,-0.0491688944460561,-0.0159870556857717,-0.590969844568492,-0.4185616497694124,-0.3280328064121519,-0.1490936969255433,-0.1992963045347709,0.2423285529692082,0.8616327413778683,-0.3093920966235293,-0.302381492157238,-0.1844150688546713,-0.3128515224048868,-0.4207738699526789,-0.6678345877590942,0.0656726075744458,0.272466429807875,-1.427013479975958,-1.143224805854601,-2.0055582310280378,-1.1369975345323249,-1.561706540158016,-1.167481506165989,-0.9231854690983412,-2.0421334407877247,-0.1043379389989954,-0.294658945591536,1.0571011478292285,-1.0443501645919815,-1.2214048257931225,-1.8547147473019112,0.2592865624375601,1.0483675341987098,-2.40107323509616,-1.8357164280635485,-4.355615057470711,-0.5866086619809598,-3.743481397440777,5.568370679281814,2.1705884916178744,-2.233596862163042
27,-0.4212197964037195,0.4299639538569225,-1.2678425431252236,-1.100127199477045,-0.2841945397012719,-0.2158908566388117,-0.1061143578961876,0.2263654418465242,-0.7148834603533959,-0.5154694382303014,-0.4449810030219909,-0.5502392205911417,-1.477072473878119,-1.225545933749705,-1.3939040354327756,-0.7560202009313997,-0.9584198448581932,-1.272564116109666,-0.85731416217084,-1.150425640791933,-1.2986989383623055,-1.392868667040787,0.2846544860548363,0.4444081687705152,-0.1379131073428103,-0.199441869390692,0.1679302057635357,-0.156172913066567,-0.1569027164677347,-0.0287966675602028,-0.232191027304408,0.0056812830902632,-0.9201623326432486,-1.2910690913477807,-1.8992627272713736,-1.6103428017687873,-1.1827130937213757,-2.210936426540372,-1.7915045268081724,31.88911813597544,4.679222302406672,2.317686897980292,2.293337741239966,2.3106056876786183,1.5338125151742352,1.9422486338438565,29.20080846341285,29.245626601713813,30.56178133049967,30.46704323318608,24.42695544774187,24.4320957817344,5.110445020788848,5.088022258650027,30.35694420453339,30.19416901164254,26.519370880389,26.45096042239679,21.09030846991441,21.7417207336502,14.342384513043772,13.871267497541789,2.471027409267852,2.9862485326551087,2.4928528274420763,3.5375448811384977,0.8332876872862437,0.1207440161352519,1.635122639121772,0.5807575184319144,2.16204024359191,1.8939050329097291,1.632324221101907,-0.1208219340383,1.399713738505355,1.4304835239487388,-0.1105007173380901,0.66853669780444,2.251765487218506,1.2400634511437694,1.4135118375014193,0.4051433389004462,3.213440617389324,2.5975585209260017,1.788781649440651,1.349310855270769
28,-2.369510122938987,-3.001786697955818,23.30293555490316,23.83395442826669,-1.2289686212775826,-1.1298423338471133,-0.8178043230088415,-0.5164812587231051,-0.2707241819732527,-0.3756382248439128,-0.6499192330591841,-0.8243059131675292,0.5508946416813957,0.7584589740750751,1.4501144589938963,0.4605947636789007,0.1876636932535159,3.975451845457737,4.268505868407742,4.093883475445746,4.839688590984633,4.414760102937676,2.12524121482423,0.4146507270860862,0.2395114410459251,0.7338380865509311,0.684342942241536,0.4110650149960318,0.2301884086843611,-0.1295399443915154,0.3354919859836168,0.326506943873566,-0.3605659187290101,-0.2289525709298853,-0.93303277804067,-0.9197535325796156,-0.6548466819434309,5.978717546399968,5.97562484693711,-0.040921994678871,-0.6387076131609898,1.2777354499514273,0.7347771058431992,-1.0338399630699622,-0.0455645207034268,-0.4414602330369668,0.5459895215494984,0.2885361442799528,0.148007251198052,0.1411690945025003,-1.5124848894409029,-1.1319225050367598,-0.4257959977880987,-0.4986976994476164,0.353339877767366,0.0116630575512841,-0.5538065767641167,-0.4230151185570544,-1.984295549799384,-3.565790684319578,-2.3139237258794427,-1.002631701543909,-1.3381754239650587,-1.8848660447696837,-0.2012692542572523,-1.1345218134353374,1.115251924997151,-1.6796250123404448,-1.1002772225688708,-0.7552897092437615,1.1771515933958985,1.3556543398485694,-0.499860626678379,-1.3371952455985865,-0.3937592082165478,-0.9012759156176918,3.3391777702344108,5.293026898485596,0.7316370096938879,-0.2416859667631229,-0.1258056230794273,-1.152897097460506,1.3295050244212103,1.2428629246517169,0.2553203047853417,-0.5853535603458327
29,-1.426440748230896,-1.8339981317414504,-4.918162775229147,-4.532532072699118,-2.712700762628088,-3.427973784481851,-2.1614693090587744,-2.073312871560679,0.8960861901810441,1.025674559401368,-0.520254729305064,-0.3527029255195923,2.995403653117884,1.4885535447121512,1.7545133929278374,-2.9595089768614304,-2.674696392383689,6.239359867030799,4.799204602923948,4.889745117153724,4.632484501913951,4.443527256433918,-1.2303619525411922,0.2554139187551577,1.9572133022225413,1.159132143070889,0.9591677814984084,0.1129378795840255,-0.5015945860686734,0.8401806097352307,-0.337151013000952,0.0455007967169126,0.2101589722298284,-0.4518268895653159,1.6273254665957544,0.5329336243777792,0.4340033079727701,19.63353695392149,19.90232703261984,-0.7272354519782038,3.2376416039907423,1.9643870959487515,1.6029053587703623,0.492524342220998,0.8409842405932865,0.555418030399133,-0.4056380249537094,-0.8520116164810733,-0.759974296283919,-0.4265631427133336,1.774096881319386,2.2151640249389466,2.73961569998856,2.7254636460413426,-0.9886470556561712,-1.7761127671294583,-0.2352273240123,0.5355768403737733,2.872778289606365,-0.3442127755996655,3.221165483579588,3.833914930731146,-1.7061154319459375,-3.8495952536279017,-4.231248687835401,-7.556924165176931,-4.227688829135771,-2.5797755855246605,-3.012953089178601,-3.255486304815955,-8.191725965528263,-7.230346658550372,-7.662587201412963,-8.705528457944068,1.175861782078435,1.4916798250712742,-3.961577492966128,-5.453374735939617,-4.025677758174058,-4.360061668672937,-5.08628749982662,-4.587638676344861,-4.079771628523407,-4.821358517266991,-4.4059028123211466,-6.828014645751748
30,0.3382765324777422,-0.3689222794336853,-2.338627932078813,-0.791821616367691,0.187827588420646,0.4009065700471257,0.1403752836212828,0.1820163685712361,-0.0447990812384559,-0.8785615666065688,-0.481455122747401,-0.052775303127762,2.9755303069264647,3.3666842848077687,2.915491853379283,2.607960401325678,2.470310836124929,1.6264124351387623,1.7148018110812373,1.3804590541259392,1.3486277059022154,2.1896465947186248,-7.559510783821471,0.3026167762745781,0.8480469292316186,0.3110296745110058,0.9836904882742666,1.1595120649946766,0.7391586587433919,0.8767095084360135,1.209336306462575,1.160056123849278,1.053292450537058,1.0756311131697194,1.1676616932052817,0.4012080085634145,0.5366585317678516,4.513109233079089,4.513558960768645,-1.858323209462149,-2.4416182585038118,-2.129203477237419,-1.5730327892148488,-0.7032102548937802,-0.030436093826494,-1.5738959088841256,-2.4150287078934256,-1.2664961954361975,-2.0001547502695765,-1.501758331330174,-0.6387586183929065,-1.075754508440028,-1.5322367480831485,-0.4891280818620335,-0.8414949685849383,-1.0434074063687098,-1.1814885445313614,-1.220099894564264,-0.8414134941211541,-3.783925413895368,-1.0404049647496354,-1.3805825542776102,-0.8319585233685909,-2.249934117812962,-0.6084019154985618,-1.8504399039340995,-0.1279580103735833,0.3651202754570009,-0.0943628127881784,-0.2574824322950552,-3.650407525358183,-4.053595352037712,-52.42867865809691,0.6151684021476805,-1.2546596371188716,-0.5172262066057995,0.5709179016573777,0.0413770559414186,-1.3471842385424335,-1.3195841203702208,-1.2417628995161856,-2.4804983278049364,-1.1752957157341517,-1.071958420931055,-1.5206617366781043,-1.883915706619294
31,1.3032134506007735,1.930641439170876,2.8779746223627454,1.9041074614741231,3.1810836459315373,3.3842955112701896,3.7491645915779217,3.419583392376682,1.3119345004645664,1.209605475481818,2.2148668772390168,2.475888795088858,6.729523338561877,5.59340623492901,5.5843044837085,5.093758479553104,5.033568810408411,-1.2954550740758302,0.4076295807143448,0.200835663542912,-1.1227548346693468,-1.1405021037889127,-0.7862025416885104,0.1576398775568178,-2.073899153616762,-0.8704274624031,-0.6663263085981032,0.6096186334548761,0.6637572035708231,-0.9504243361323036,0.5010556654937081,0.1813535325908802,0.7950011835353924,0.9715404804800742,-0.9170509302304752,0.6453663403005788,0.541857104721737,7.123287001945748,7.378573135886029,0.4220181185372444,0.1348121086269392,-0.021013198237715,-0.3692628174962353,-0.0211054990185664,0.6988751558000409,-0.3135282834087878,0.6214629810339829,-0.3855438784115323,1.2491548250414923,1.060462227815654,-0.3626047448971269,-0.4624383405159736,0.4816916449681119,0.6311432544300939,0.4905531074258523,1.129234683404292,0.8392946147895362,0.8804244091001897,-0.7230069032243845,0.3710237176985151,0.2532932698721332,0.0763323322430414,-1.290359486481222,0.5081448716288299,-1.598207617957171,0.5572546806564596,-1.058918118233782,-0.9740594155595844,-1.0445455940322947,-1.0922262848303932,5.201802098985103,5.219175710700568,4.515069638866116,3.6276717336255695,1.8671890540431824,-0.096976437305979,-1.1631410673927591,-0.3387148989500833,41.29002514206224,40.63011768534207,41.36827613012545,42.637226340605885,39.95302452344036,40.12371049888229,43.31069467373536,40.735041833964445
32,-2.460504675402931,-2.893853334047682,0.1258980990941117,1.257537859581937,-0.9176234016201128,-0.8044241633960197,-0.786028309147773,-1.1616490876842975,-2.397827658095004,-2.6103821540898404,-3.227381183010789,-2.998764124690067,-1.6536831548573798,-1.4468550272527028,-1.5530557876931266,-2.4520532744643013,-3.0098273036808347,11.405217385140066,11.163080469741544,11.077200916465156,11.696487854835317,11.628608063126183,-2.6639181160991323,0.8476171525731582,1.6769287151383707,1.0405681450504003,1.124725383911551,0.5960050710648758,0.5081463063924122,0.9099293260223988,0.6612627651592692,0.6530932602372979,3.997263742258494,2.7991918432822147,4.2773686022326345,4.355013290739928,3.832745103503688,0.6327877297576329,1.6755303379403057,-0.9863265966605782,-0.1352575687738295,-1.6803680324243129,-1.0938890799968808,-1.4735784391933806,-1.5004885535318817,-1.4093928522570325,-0.6566049756374219,-1.1731373358708963,0.0444269524139121,-0.0311616993074382,0.208997279297068,0.8630542213284911,-0.6679377642000566,-0.9689395004305992,-0.6947402636236408,0.2945113613378214,-0.1712620226742131,0.3717395731051413,0.1084371294994885,1.1339656143353531,1.0179637110041024,1.2749713062406804,6.320615893295814,3.942442207285117,6.969632543470877,4.63453410500732,32.678480787696294,7.856980355445547,37.847335404287975,32.57279774485172,-0.3517223277441794,0.7087190077457564,2.829759953182305,3.0584110560479214,39.591846191585866,46.15959581011851,-2.965259467886252,-2.837392237520815,0.4033972259762216,2.9855091248249384,-1.3515065844319585,7.177957005174737,-0.8001360877658255,-0.811076589913085,-0.7136944088115023,-0.6184911636041047
33,-2.0839187302192816,-3.177775129593301,-0.2669949363824749,-0.9563672974238078,-3.748976946016063,-5.316735061610706,-2.124720732802772,-2.4454334636756725,-1.0530354828669082,-0.1828400969037709,-2.7085795052688924,-1.886296440662266,-1.5825760704550151,-3.239588379032092,-2.3040166807932563,-9.076395027137014,-8.295750457005513,1.702745675614172,-3.437847756650822,-3.392370400713856,-0.6399106598384563,-0.9624737234787988,0.5246237447206146,-4.408104803560355,3.365460826594377,0.1900226806316655,0.5645177712038147,1.0522402468466532,1.0160152623845635,2.630061595141745,-0.1408411874888417,0.4676977233383597,-0.9532584446731848,-2.851343001757344,2.661465926531452,0.2092973550883202,-0.283251146095181,-4.760877041114393,-3.092506417383655,-4.721249665626515,-2.202173546703724,-2.5119093623899307,-0.1275496734518854,-3.040719636216633,-1.4567624603837124,-2.917343437168621,2.1258692146572566,-10.479445003768593,-1.9589860141402395,-0.6207434517272692,-3.3603174967119203,-1.8171314047714195,-0.9591214294620982,0.0858862348418464,-10.82368131664042,-2.9213992760013787,-1.5691198243793305,0.2004750195393655,-12.667695473636696,-5.546615552438308,-0.5846195462017477,0.554879438183119,-2.1738796881237064,-10.707151433590118,-1.669043628856834,-10.777223548277467,-1.3676238285593103,-0.792477600473479,-1.1717200737804918,0.0940355562504302,0.8241389779967601,3.4019053951590745,-11.027080692538098,-10.307209781903031,1.2053605210241944,-2.8043201476296784,-0.4311851781666365,1.0247361563717696,-6.861179798900302,-4.454552767472452,-5.052191030860739,-1.9180674691737305,-6.021190405837164,-5.740299702045921,-3.826341411993704,-6.061882907310489
34,-7.696710846961056,1.579659599392382,4.486261757005451,6.090466132505259,-0.0668234601122111,1.0700229368304948,-0.1914511703995805,-8.660581211122228,0.976170998962572,0.9059969223698564,0.1498860362875826,0.7179953519134812,0.6611130939398602,1.1499437695247794,-0.7536876449878582,1.0408641065358466,1.4594008037967363,3.598205674847587,1.638239894670416,2.1490271603495272,2.308234991705614,1.3775465957942838,-9.798334420810248,0.984579006504778,3.240027959875176,1.4134552903648376,2.63084615322515,1.5863063373973745,2.3923873501533985,2.7318662866182435,-0.7999253407352691,1.73584262497525,1.5011304740381006,0.2909378573909474,2.2535027476518623,2.529511824289061,1.8618099773576764,2.7245222880908937,2.911087309077138,-1.2209200429025224,1.0491533832420026,1.6383608754640904,0.4729048715862584,1.5171867881590473,1.2828930866230226,2.4312864982729265,2.8560355946595752,2.341737056435369,0.296492082587488,2.0830834559460394,-8.282461594471144,2.0407868676398704,2.630419734773123,0.2170834529881954,1.6586230601006806,2.986323148089628,0.5727153643158931,2.4895630788761043,1.598119811250821,-8.102963180923226,0.6127073689569796,1.2784657365323695,1.1015762101827449,-0.604854836704536,1.906786106797935,1.9791756986253972,2.4033255619858997,2.479252862562624,2.0477750659692573,1.621730182555862,2.418086417245832,1.5675512688051805,-6.986310989995754,-6.819684102753957,2.107200987432299,1.9028866516035832,2.761759639952217,4.852220637694299,3.385827416841596,3.139575757367549,3.272481643563096,2.928941928904,3.361380127590364,3.5804154176004745,3.6933010104581214,2.889693217528374
35,-0.2996642088932204,0.5823745794924466,-2.818381998857947,-0.6249679324044805,-0.154995961159155,-0.3388150494689667,0.0545777281334914,-0.8981971586948663,-0.8410866798507693,-0.8100927220459491,-1.059774403687649,-0.8695818091171436,2.5023664647913195,2.3484151859800004,0.8679912099714067,0.9550157099867528,1.0923705029533932,0.9344237005714936,0.1430864421480875,-0.2340744972418608,-0.0274236876221067,-0.880308537604948,-0.7831056934455688,0.1919763184279577,1.3788573892053428,-1.6761920571653914,-0.1658792197056311,0.3237668971844647,0.2274904694550502,0.6299926066643229,-0.6308466231701293,0.2212295419503719,-0.0248337335457622,-0.5534314668582933,0.6969743757100391,-0.615389936534296,0.029297131697831,2.74059462047891,3.1051739388613977,-1.8313679361222552,-0.576741529304209,-1.1494728839313932,-2.419570312787902,-33.18925679858668,-1.5738368212067388,-1.833933441271561,0.1821576282211015,-0.5982605926065762,0.0532386166161888,-0.1468622884954797,-1.229829917620218,-1.498509057286422,-0.8725635279826344,-0.7665648295685413,0.2442591744137533,-0.261297773188306,0.4374717641684347,-0.4618443140845491,-1.2894784540088668,-0.7407451427448357,0.2856436034319833,-0.5419827174232666,1.629618018186555,-1.0330261940485146,0.8975066943467626,-1.7175007612107611,0.0241567460139847,0.8477890845879553,0.1374818382478228,0.3479042464234075,-0.3862749388022737,-0.1428772621145817,-1.9761587517863328,1.0550132132246062,-1.7934036297611806,-0.4887893863751694,0.9008582708594336,0.9219022576919234,0.9194312841746608,0.3734899615293763,0.480636713887774,0.6152739453155979,0.8516605114590778,1.029107100619384,1.3771952902894866,0.5647724877201162
36,-0.6944909287279062,-0.2831628297831612,2.5857476244726865,2.7615351097111045,2.063456379333557,2.2097904091453,1.4523238891388928,1.155259356351865,3.2802378803815726,3.370912962148615,3.1522604148398745,2.876966482226643,2.04225611883005,2.31872997594595,2.0533359861671645,2.435581846935205,1.6350318232504564,1.576600896462389,1.6972885448681223,1.960946912787852,2.2569016807205,1.877095044947112,0.0740182061838023,0.3989172088177055,0.2499849564644831,-0.2769474520803141,0.344137480421947,0.2837919294154781,-0.0671651553798086,-0.0597512205253417,-0.0352060465581982,0.0658738517512562,0.2731505924449818,0.1614306818049716,1.5712010608963842,0.5767514137236293,0.9535566967829314,2.0669550955732148,2.080981326460094,20.82969485930508,7.932608102829667,6.467161207133751,5.762887652778894,5.485252373325831,4.273861861886303,5.485630540468634,20.673422221453965,19.866491302570846,20.98509981766591,21.00455299419423,18.70253510186668,18.586513630996517,7.74604294533945,8.138825801283064,21.43642448675277,22.466905829634143,21.20423292238872,21.232443178417427,19.956109210448943,21.82141772539149,14.86136914245673,14.716598572512533,20.582884978735425,21.62940394958392,28.90877259491364,29.354487648918266,5.04296375991338,5.8270561760012685,8.833528430521826,7.084807738056936,5.602620909862612,5.1651750229050615,26.405533760545296,28.448164342215076,15.587757742304593,13.91351294952331,5.932026078148066,2.410730233921733,26.790515548303432,23.7782780738078,21.52424769214774,12.484296116835573,31.10615275067596,28.81049576435526,23.28716825739178,15.191283643065336
37,-5.2527624035179485,-5.927509336950196,-3.5749255121359687,-4.296289088829735,0.0801161024156204,0.6049201063971769,0.232154048320521,3.021134277450868,-3.3830196308598977,-4.095530301712784,0.4011633999403232,2.0839989378730874,2.493195365460042,1.273722330817687,1.8271242595579744,-3.3103824792325662,-2.662394050276464,4.538196179398182,2.825913584572413,2.565038573661114,1.6460687035092028,-3.298234542719521,5.286893809968097,-4.905721540440066,4.315729373703137,-3.554148245050222,0.9728637317309516,2.635247360949699,2.7053389109427792,4.483415927619504,-3.648530226685901,2.889182637730173,1.8358316587104344,3.1403925360980804,3.561926845940216,4.358349809439461,2.7691511582103776,-2.7034312176526707,-2.353461497557957,0.5631829832121061,-4.049215380133616,1.7458188339911396,-4.044598327661095,-4.294951532233576,-3.932023944313578,-4.5889497128180885,-5.060124423734184,1.9360741184765236,-5.238470747445765,-4.824625145460888,1.875456375692512,2.509592120552562,0.0121654148122191,-3.9978666053381,1.5116676845877413,2.189004609606853,0.1334548096766404,0.8873142582106933,1.201553857800369,-0.0579453852442154,-4.891312011210495,1.2458757036564398,2.2023002625648918,-5.089953840394162,3.3039811914622823,-4.733265840289705,4.10102705837052,3.250478968508352,4.736366690366734,3.876143351884088,-3.246448099646145,3.351129946709257,-3.861658256010936,-3.662372012113544,2.682164640965848,2.396592505958277,2.3345809495410803,3.656196803244263,2.6893126926960425,2.2799335711911803,3.5951389661947597,2.6930860349331742,1.843005359275928,2.883871007225776,3.463570885851678,3.818967947932401
38,-1.8309487748506752,-2.907143214190747,-0.9821135952563516,-1.697617201544831,2.06903449172776,-0.3277256468355174,1.7411920927427182,-1.486465157583917,1.9419306492304425,-0.8296039806363519,1.282451070953646,-0.6975489378108569,-0.4119148104363452,2.3376638029630694,-0.7289269627495127,2.575127927130469,0.1044167981893155,5.381831913692292,-1.8579350344218848,-0.2791456037140439,3.9353880810098953,-0.2978882592150954,-0.4602161034875355,-3.1866317987517188,4.909028815315241,-1.1077832231365567,1.0968555249557357,0.5359424506185376,-1.9521731264026083,4.225936987096002,-0.6972506124469782,1.374383075281335,1.7779583531752774,-0.349891728570354,5.067412109725311,-2.8104398455745967,1.952640707491764,1.538532052931565,2.4091488904390013,2.304390952921968,-2.164794505162577,-2.133194962738189,-2.845928049050426,-1.0664463853959631,-2.357987135351004,-1.7547963491066587,-1.6967045202039572,-1.3855094391990894,-1.4487224036056785,-1.712994985722425,1.6093098309247529,-1.5605102902799644,1.3028114981693033,1.1967854731553635,3.385084790676512,2.827515744380189,-2.056471252995472,2.066714538460849,-0.6600020425917803,-2.121445894806531,-2.518102956068544,1.1488058806369783,4.784770500122376,-0.1086472040024579,3.7661485592783706,-0.9769813161925832,5.561180428783414,4.952946178522543,2.654447926491492,5.320262549085802,-1.352040949584986,2.459261092364495,2.0436576908086685,1.9351055735314828,4.5578776045366185,5.828898251704104,4.296483221803525,5.435251907248108,9.24597539547234,9.237100088762311,9.57749659198856,9.8587137598373,9.916378527427655,9.621021958076566,10.271659730248398,9.259389783208649
39,1.09528386481608,0.7075596196991132,-6.475256267029632,-4.633735442996173,-5.530063070960567,-5.251843838542728,-6.9248676491652335,-6.494409186024242,-4.344141590249497,-4.7164889346256285,-2.539172370783573,-3.140014912480569,-13.509900938713129,-12.862600592256385,-12.787228706224992,-10.59174148655,-10.922254358023729,-5.006785420637204,-2.5043189044304768,-2.32245333698376,-4.402262620660419,-4.494651438632291,1.6719615420903062,1.4922067137218848,-0.7412591084786496,1.998433274963012,1.558898559018721,-1.5172886188980772,-1.3536845663234702,-2.5146808588354195,-1.069676909013931,-1.3277535127596156,-1.835835254656708,-1.403515802527711,-4.239955236288624,-1.37137990071469,-1.890533762676335,-16.436517321131774,-16.949409783852108,-1.879003356560857,4.453787001760586,5.176366409024378,4.02340050526623,3.867111731394617,3.1219327068412905,3.416718540911216,-2.866845884571648,-1.975429548712304,-3.254077716517152,-3.9343492643199625,-0.3302905660831246,-1.0717491536401822,4.410410111720889,4.180472994016689,-2.9395229612019365,-4.499375508090702,-1.4155798387654357,-2.3118086177629698,0.8553208703007305,0.6677672860819056,3.689467630256338,3.301902578699573,-15.47618555441444,-12.546489135917271,-15.517969647291178,-12.795659969563768,-11.22805465023804,-14.43368889091367,-14.45368662050259,-15.21405464188145,-33.0973625175304,-33.165224495200974,-26.6913027369798,-27.83600022758619,-13.231697357985,-9.946151824872151,-13.037185605099724,-15.099363266328092,-19.2221595550508,-17.167983367717706,-17.924157837569254,-16.31948758851666,-21.260785722689477,-20.553738454561262,-23.28777709701834,-16.188839099545778
40,-4.099179537277089,3.3488663830675,-0.9843273404768192,4.585429641721943,4.566155201681262,4.389650312758681,5.071316485339014,4.517868209533935,3.8945356899373738,1.705866360520226,2.620599507268475,4.261873394357442,4.235003051459143,5.125401133933552,4.997273884421531,5.388030120201687,3.572651905471026,1.5958462377008782,3.4271007863355,2.001937153523097,1.5634391049361138,-3.635780963787555,-3.1530988869166543,4.142429304476882,1.9945166988157523,3.780898756116224,1.9546359724588875,1.3321413897019287,-3.670020087775477,0.5514636478039466,-7.895551276157005,1.7128976356851198,1.395306218215294,-5.000376588941973,1.1492960969808317,3.814943173950771,1.1247796087331217,5.353458876699968,4.591126833910298,5.309775178334928,4.43730905117494,-7.170838851379064,5.281432855884159,4.225503593185196,2.9353346846200408,3.57582700777191,4.30848580712163,3.187664011650618,2.176273389479954,3.313595398094837,1.6579052148644355,1.1383869187185949,3.077603719770244,3.6735070558914336,4.2971621187056765,2.2108201199040582,4.067609536651648,2.668854989475477,1.2220537325861376,4.254724255979307,2.924768592190039,3.880461959066331,3.566149689207969,4.818067396542888,3.895461945957272,4.436150940580352,2.397323936318545,2.255745793762052,2.4244890775525314,0.9581862373107796,2.2061691845685054,0.6690668401101021,3.858283459051661,4.722055317198627,0.5495104920279931,2.4482971312844977,1.5727951997134475,1.885984449019287,3.332979764041837,2.887992042148674,3.2267353257059392,3.46379692964478,3.5350327451692496,3.745972932194036,4.876903476390104,2.062397759103628
41,-0.1163464196295933,0.5431348916711173,-7.086648517212116,-7.6243959317605565,-12.056927614317006,-12.094545918593308,-13.731541005293934,-13.13079507705437,-7.40249815656,-7.534462720390946,-5.952640204945686,-5.766728222600125,-25.91889894405625,-21.16555097733743,-21.286864835278188,-19.947190670896088,-20.452761788809983,-5.5891614858179945,-4.947285913215271,-4.827753685291902,-5.574863637848084,-5.965511476658324,4.25280810385279,1.1756094178528642,-0.535183140337181,-0.3070631455352161,-0.4089714468576748,-1.083836300896015,-0.6170899893125531,-0.8071959910507381,-1.2001607863927792,-0.8957051933650001,-5.743024426237794,-4.868706706431362,-5.241481642756558,-4.617638168213543,-5.026957428349489,-29.459650616953294,-30.2616506047717,-1.6468094592176432,6.479509509028048,5.752453127660326,7.475208457866992,6.308584548865904,2.175920549326719,5.387942871294427,-3.8283939701708127,-5.066378049411184,-1.796119254014512,-2.0444815858439527,5.139498737369416,4.71736130877378,7.445181974150132,7.385238188748465,-2.1320075263488505,0.1544016015353935,-0.3350994647341402,-0.6525884300236385,6.254384918601869,10.300840598384704,3.885727167158585,4.159854559054634,-12.934970270040385,-11.04398006113618,-9.960464614715136,-7.430896985972406,-3.413565620466734,-8.13197892983221,-8.837139698934473,-8.391627699860301,11.836353832826417,11.8151530363739,-25.1236630063167,-25.31358515919902,0.8315445877406544,-3.599888349912,-1.9092840884710012,0.2229602186191934,-26.375037294906285,-23.132451338875992,-27.004648547452003,-18.99287602010048,-28.01341123556877,-29.228913181035253,-29.314749378956503,-25.416833754194275
42,2.6624966934729746,0.624820212123841,3.003925746914794,0.1604516289060667,1.1641239549890003,1.3911193243704845,1.4337186915386446,2.208929699325625,0.8608906198532206,1.0430054529342148,0.4276019106102667,-0.3919729582058005,-1.0486745338236385,0.8939450365637647,1.933079930613398,1.1801404433332463,0.9527407696155508,-0.8961979723088457,-0.1421108936829085,-0.1252298733706381,-1.8637868237204525,-18.23149626391345,-1.4936617964222054,-0.1883667330092556,-0.9209200199198248,-1.652824387851671,0.3704968665371972,-0.0710922444495013,-0.4095141607673185,-0.840327299769484,2.430748342121376,-0.5118554720661038,-0.7865044231079084,-0.4277884067943065,-1.0285416842977173,-0.4360195865342489,0.0349962635304063,1.8824663034635205,3.048840874957983,0.2040214345697367,-0.8700032709406416,-2.4423353293465007,-0.9367517154779508,1.4939546763945786,0.874595159238645,-0.2068789780861998,0.7914617335805424,1.5896720828806814,0.9815043920017054,1.195796677003391,1.2461240277189394,0.8029939873262592,1.0479682691946226,-0.7239798943789358,1.0106755813149708,-0.0400348684127969,1.067006229558339,1.519757460431974,1.5736824709178383,0.2025138162656513,0.695056087003641,0.5196395211983165,1.5324754534766487,3.315917111250951,0.8079341124437301,4.6253455971570565,-0.1915348557578777,0.3049869396235526,0.7355716456851012,0.7842887762839038,-3.334338922531157,-0.9483768172302828,4.187170289817427,2.195190993282199,1.400190689976523,1.5478778828648632,0.4918856999012586,0.2862856980157921,3.5162518616582994,4.018966703653801,3.3108055353386074,1.0866770035806106,4.709380827552393,4.714161836377577,3.524895032724841,2.3776897926797824
43,-0.9827051654154508,-0.5625389454574541,0.8495327451505101,2.741877857667758,5.215151038881207,4.738967158880786,4.7286744088888994,4.948206709029938,8.824482555117244,8.970459655866064,9.702027143561011,10.8495584852546,-0.5387947389563532,2.057404595530797,1.5048886365223269,3.8835771483586647,4.279960112688983,2.801787369731025,2.3465044167505016,2.6076702698860323,3.260674686464021,2.549575164651576,0.2099783435802715,-0.3715103275693186,-0.4808464061999685,0.0893749530370198,-0.4881263260051761,0.1779111840299016,1.422282307136982,0.7461540196007357,-0.0096215699391538,0.2496479332015905,1.0539232371549985,2.0788435658508324,0.9862259418999326,1.338236285752909,1.151165435880779,0.9444640289099208,0.4122900596475582,-4.9603977150521406,-5.508091024148103,-5.996774334141925,-3.930390822928709,-4.569212756545007,-4.706690361936942,-4.767652518983403,5.276543094520013,5.51478414116095,6.8808078339799135,6.320222676326302,4.1852072944599135,4.136351028339229,1.203948833896475,0.7628841308583206,6.160060892014325,5.683952296519348,4.772693687429882,4.332947705499826,3.0232992115800457,2.5456035527897467,0.7693887403128821,2.3664709262449475,15.35547216175685,15.806645950392651,13.839948866209538,13.31275192096639,9.850256893564676,11.78121241410701,12.228000937024207,11.172535733794682,6.16767436039423,6.712641446834806,13.095971490314115,13.332445926657238,12.192324284352706,10.54894774760822,7.719276115160775,5.529278814999031,16.39897084511734,13.9643333756105,13.793943343229875,10.928475724698371,16.828413334187548,15.75348781297484,14.646918511061928,12.783547146869571
44,-0.066419741285842,-1.2306020015074768,-1.5932991776188077,-1.4762934278248467,-0.6110859045780892,-0.8871952186399887,-0.514925485545432,-0.0021446327558099,-0.9216003374304136,-0.1177046738446603,-0.1467906320829033,0.4746965585376012,-2.311343460340445,0.3185322849164225,2.248132078760375,1.3247039201086748,0.7986473584295661,3.054447698620964,1.4102601521338642,0.0779641582095948,0.992658678396348,-2.5636834210228128,-1.0559124326084133,-3.177251574713377,3.0806076114520957,1.7280114690404629,0.078543917549092,0.6556342642632553,2.202158845917414,2.5793621177922974,-4.873766927413806,0.079634451514294,0.81593551261753,0.2537882893785483,2.8933376734550444,-4.966681246955328,-0.3199942288106002,1.4846651104524204,-2.5925432462629474,-2.652903729524377,1.7487304273608293,-2.544502639140054,-2.7468993675148115,-3.015269043532249,-3.1166048608051304,1.1108497206336383,-3.984791060757302,-0.2665246052524994,-0.9837773789164576,-0.3631076496343449,-2.9963203246978183,-1.7320090288260164,-2.814027286317642,0.3741241992832591,-4.068985881255485,-2.7280370179972806,-3.36573187775268,2.5119407423945086,-1.855349859543092,-1.7727760517226292,-2.702606288446028,-3.421134582488867,2.3204319695428386,-3.911434070102741,2.0674132246946804,-3.247742186108061,2.074640301820202,1.075847768850561,0.7275840645908935,1.2611917565379789,-0.3599367764617371,-5.17996227244865,-1.5841876798405552,-5.607340837870152,2.204098270936408,0.6177307724317663,1.9448278799707368,1.9775920727333656,5.763161939398913,5.331777291847271,5.967587079512127,6.208770137196033,5.121860820713085,6.094323961932712,6.600603536051913,5.979538272349439
45,7.44538954720912,7.180397956055828,3.48123094246918,3.194489756719864,0.9110959839987012,1.1904838778104336,2.3556618990643776,2.21834354176687,-0.6174919811173829,-0.6184716389637664,-1.282358973623007,-0.5491744246086654,14.019263879323482,11.61992239851948,12.27193307828364,4.688831684068126,4.584742849599291,12.22246033396782,2.5687918457043666,2.450615330541316,0.8590967743454254,-0.0539905610277475,-1.354858349481024,-1.0762631350318357,2.751946210001148,-6.2458270446365365,-5.478773843553128,-1.7789707337843852,-1.8417241388811,4.9953924570687525,-2.361770670994638,-2.234938253972216,-0.3562706543626471,-0.5781516667200572,8.055424592880707,-2.5564384837906373,-1.812251044040073,8.361563477137578,8.14861019042103,-1.9241337343685103,1.4074582883871145,1.4963965467159914,-2.2000075715967693,-2.166168462910663,1.3389713397614411,-1.3245458546272555,-2.8912531445580503,-9.265107631920756,-1.859918101042515,-2.2009769874577985,-1.3362123173389426,-1.3392892894241497,0.7069798912745952,0.7768412163875549,-5.4759236134517,0.431452430686966,-1.1221613694198609,-1.8929491674778915,-6.717113324333906,-4.507171388924875,-0.1937070984303491,0.4721229450240238,-5.041832022976417,-4.942872449974754,-5.405929875962333,-6.157334112705692,-3.5963253055208915,-2.684069430807811,-4.222070913118297,-5.718986456560401,-9.256946422647852,-9.33384243602478,0.126988448772017,-1.86652101145277,-7.79441987344392,-3.779183432393206,-4.327180285080646,-7.499570804091218,-13.654668820899929,-14.86642826019128,-15.037729857301262,-13.828705916614147,-17.460265193491065,-16.83770389330434,-14.445589463308032,-15.3786198403819
46,-2.450482963844569,1.9641606902395647,-0.2023190979234331,0.4983464164188991,-0.2060282376879435,-0.993405603581314,-0.1681232272834813,-0.2362834103098372,-0.7157952601020064,-0.3097948503702749,-0.6864166228812552,0.2625741391809788,0.7124666996855189,1.9189670270041144,0.2289605073790786,-0.0974705293067401,1.741703955377598,1.090135187555057,2.0335048182629367,1.456862307133511,1.3561806749490926,2.24258210967238,-4.781408162103488,0.6411423753047049,0.5946570499476886,-0.9113521270784996,0.6782385070667536,0.7097503924540318,0.4068275367060342,0.7971265073467649,1.2874431792836571,1.0638970146773734,0.5509022710537798,0.7705989903484831,1.1007636412148003,-1.1120842169102458,0.781814804308149,1.450412290621509,2.9269577691720405,-2.588416375945978,-1.1171362767276474,0.8086287411952313,2.0892027630936885,-3.0375669525441107,-0.5007368076569716,-1.0323729365745358,0.2177077713770221,-2.032383776483159,-1.622108242000706,0.3217031859547379,-1.7421205610793256,-1.3776866058625454,0.2710390895168618,1.216248652987544,-0.3517785582541085,0.3902872033246404,-1.4652380386091295,-1.6601996882751118,0.4109579630615326,1.0840034740284576,-0.5600663774132051,-0.5288777136134216,-2.4573891828846084,-22.32708477671525,-3.256113742339803,0.7740551902850156,-1.7861710040090757,-2.012358436593616,-2.17469884602312,-1.8885495404232329,-1.0701975296970396,-3.266155425803265,-5.201711028541352,-6.37196403059737,-3.906572393149488,-2.577066154771703,-1.0980456268426726,-1.36111172296365,-2.040793625193471,-3.097367840349602,-2.07937924990491,-1.7617081058482795,-1.8122259510408971,-1.3222898149647229,-1.4527492103451605,-3.1330578162844143
47,-3.6683139546357335,1.0650557513322798,-2.025103472914363,0.1420193043168681,0.9826175627333804,0.6348311493777734,0.8114973537499665,-0.1586715239244788,0.6252655422423066,0.1561861423529926,0.8086824036853065,1.3213573993597327,0.6537238583238585,1.08806558673817,2.797059001861797,2.399534891495498,2.1776029893929065,2.1882491920876608,0.6219946207156601,1.348704958261855,1.6075022085112314,2.027856646918724,-2.566324633843379,0.2339231749303014,1.7090176762427616,-4.673223391512359,1.0600792163676478,0.9713904340778556,1.0544026042968428,1.540016550559545,2.4446418152350846,0.8293347569491397,0.7939653872561491,-4.178874362011116,0.84076036660826,2.920671093835074,1.7018588269195238,3.5878623011389363,2.373671400639765,1.876311607453926,1.6338311185433767,2.1168866009101457,3.129958122757657,-3.510331765156594,-11.79265756378846,0.7760525540406641,2.136348229769306,-0.6131432540726413,-0.96081650833244,-0.9749208496242954,0.0939895026154013,0.2871383679634016,-0.2790895004913038,-0.1714592378654957,0.274753947264397,-2.5993564841311305,0.8199767438659933,0.87176562431342,-0.5765725218418297,1.238607045791444,1.142820301188516,-1.0932252979034387,1.9911044133965088,1.623374675179201,1.8209499570441776,2.271915644438871,1.1512118396151092,2.479495354667093,1.7815287561619877,2.201553029681163,-1.2000430764672705,-2.1119031334584126,-2.450865402754799,-4.890535799786601,1.0296511589925603,0.6645483786631605,1.5730856449282544,0.652588403844832,1.8649870643622768,1.9814644404779136,1.880024192939652,1.9542106314787469,2.2611727086589912,2.3411523791259565,2.593697775629071,2.411278978023751
48,-3.210641100380069,3.8537901153099225,-1.193973717580243,1.5970432446532463,2.3450199296522625,2.847727298256206,2.1179386104781504,2.3917732913117664,1.8231266529337284,2.543767229922244,2.035080214337779,0.9368812599044846,1.434960151694303,2.055581046947271,3.053573110531265,2.5388354549816508,3.9694663580009313,3.2586016860480926,1.2040548733689718,1.9409222624904217,1.5032226741177193,0.4269245535774056,-6.221952958493866,-0.2594352848888277,4.357726082901992,0.1871488596371433,2.1905832218837835,2.853260241989617,-11.390077912254831,4.2318484245459285,0.8743599924655483,2.5333903172837027,2.6309196650032765,0.8934117271949299,4.081909802998028,1.6273233748697224,2.2306924310767093,1.8286677175754704,1.0365242413950635,-3.9724696964805233,0.7105869836134115,3.1385838351270507,-1.2891329951148705,-1.3838635545199187,0.2162111070901146,2.89598302162231,4.170673639923437,3.847425332772741,3.265703553757441,1.698503712778093,3.728243163554693,2.80176870509829,0.9465480799210744,1.5405965382482956,2.25418308674512,2.4277682053808465,-0.5474057112696098,1.695928142822437,2.598051893727076,1.981333434752242,1.3723995560045772,4.3580496363242816,4.7550924042669545,3.194556333758937,4.702683627529322,1.8839318668034253,5.020975349630173,5.110488931855811,4.439004938756526,4.719937800839942,4.520265166760505,5.256314283773779,-3.2787292531032706,-1.550400652964354,3.8383064899924455,4.369176729476637,3.974326522667904,3.692080712084528,8.371858498439897,7.652400857078606,8.082315757518286,8.025038791395483,8.950913343493054,8.52277528523846,8.829180385685449,7.699559437258478
49,0.0557935870970767,2.023584089691089,-1.6933879305992714,0.7917473233912323,-1.5410807127431592,-1.6090136807953257,-1.1416279463922163,-2.354743095045927,0.3312715284318243,0.247363522138114,-0.4559308985008572,-1.8502551016292652,-1.360977151664042,-0.86352718971106,-1.0527030237350194,-1.1730695673496765,-0.7660909975937638,0.2658940288755023,-0.4547112981053353,-0.2650098768563905,0.4673301469057165,0.7384057389407018,0.4295496873639652,-0.2197950062578542,-0.6442504605049085,-0.0166394368129031,-1.0287369653442748,0.1996141871968754,-0.3434611316252763,-0.2599507115324171,-0.5752894004804673,0.3795815612091202,0.8363414612506528,-0.1492162204665085,0.733185316328155,2.137397999453829,1.1658695328460849,-0.4455383829074752,-0.0381980790080688,-7.073147214467203,0.7774646817736883,1.934146808157635,1.504654025284332,-0.1489795115810591,2.7940880781040347,2.335528859468734,-3.2473231398272056,-4.150011076366424,-2.645588869328797,-4.056161621768389,-2.287384687941368,-2.8368399290559747,-0.0344400362640898,-1.425252181182609,-2.853983070398332,-3.305991305774058,2.8295162864358314,3.058659612443232,-0.5385741501226698,1.803977782263128,-2.3755024291520246,-1.124213195076664,-2.061663286545125,-3.0722395137246576,-3.3718950749070493,-5.026501014780084,-0.7037518422350464,-0.7829529057826364,-1.2812801308570918,-1.0753768430711843,2.452661422773758,1.622895694951718,-1.3966587835788324,-2.181601546918106,-3.432221960397972,-3.416730069674017,-1.1478343625277814,-1.539786201248493,-0.1167306394894824,0.0666767738638812,-0.8424167817407978,0.6900809821493279,-1.3123007978050518,-1.1848796476709116,-0.6051318037816206,-0.2458214842758195
50,1.2743897339313626,2.6376019339683534,-1.8305009470100344,0.8792041943015775,1.644958344083672,1.1887504013962509,1.3976828920927895,2.5259516394675536,1.6884543088952613,1.9044398140724497,1.187957039594144,0.4714428818701212,2.162807895322198,1.8946266359139723,-2.5584139235186103,1.13338999740363,2.7716276353624885,4.913183793956685,0.9745840687540438,1.3857320850537322,1.3920439593804124,-2.992169247169168,-4.379652849683226,0.1863080496180632,4.718110438460473,-1.6952201370183313,1.0491894710420295,0.5206413029967758,-3.5755561684582164,4.6248476979258175,-5.716770743786908,0.3561112710038426,1.413191352277849,2.58767119830484,4.390223229139151,1.2832890518450624,1.428669055030918,2.695959913363759,4.905577422499069,1.9125224297427048,-3.4035560428046385,4.426356241502046,-3.894860047749729,-4.293278269541448,-3.306023766832447,-4.029377316536973,-8.017568918138188,-0.6482660817766344,3.031921161865175,3.2657043677382798,-3.0948080879125586,0.5113133801758061,2.5876170599476174,2.284675643432568,1.1463662562637986,0.8413322851859014,1.879504043976164,1.5576857064504497,1.716634653653737,-2.4968080719638563,1.7384983799594378,0.4533365347302642,5.329701418364276,3.085537413907944,4.876991425812879,-4.907057100844127,4.6300665984469385,4.96277010383409,5.21898155108545,5.407985192664145,4.533151261634565,-5.6395775257124425,-2.6207215396987835,-4.9153192730605255,4.835697817484887,5.594551798120231,5.753176129514385,5.077000449388806,7.691971242782564,8.097380811772696,7.913718940932473,7.228877028627348,8.446431036322197,8.386202631188933,7.984866954486135,7.971991411603291
51,1.2740054143973818,1.9175233062788224,-2.5456328067893854,0.3985928537672082,-2.7444535694871424,-2.742680213699077,-2.2871554802074665,-2.8469996541508595,-0.7133348492458254,-0.9360596174983148,-1.4099435562528992,-1.218219131298745,-2.259409209379203,-3.0029568305932868,-2.418775674894022,-3.789607861087629,-3.172915251711105,2.0307462627241946,0.2825646303647526,0.2450902235975169,0.0282139361531292,-0.7047958687176167,-1.423348916605477,-0.3662558598291873,1.2768814641173878,-0.4668757438246328,-0.4163695510011302,-0.5439918608627864,-0.4277092402328497,0.90638847551192,-1.1421508813951944,-0.5880966065542576,-0.8398166790543289,-2.200645942087619,0.5405952272088151,-1.730414971473139,-0.803640790632574,-5.4519217723979,-5.2496791268638665,2.252084803302068,0.5070660164055164,0.7079384179629028,0.7808869868959684,-0.0439235138556984,0.0482804014681991,1.2889189023343866,0.1780017276446989,-0.9147805092933576,-0.9447764023615288,-0.9928764328012132,-0.5774719546955257,0.321192046099705,0.7668933888098013,0.5362834331526396,-0.6748980223271372,0.7456296978002583,-0.8327661992268192,-0.4781524790664166,1.0146245735369672,1.6632218610470937,0.5048505503989775,0.409364511519886,7.696230547998077,6.1511863370593005,2.3415223645065555,3.2156718733306597,2.715808647520948,1.5474210335673788,1.8060756585049385,1.4230163663240991,4.111590464741827,4.779006642148629,-3.791706586610793,-3.685868976279359,4.1548455237984525,2.5714041668521985,2.6346219844079424,-6.160559023342808,-1.6575454590121692,0.2729874591555484,-0.9959509012068012,-0.0625523132040958,-3.1495536221818976,-2.257774364689032,-1.4868227589431546,-0.684595556715787
52,-0.9983416057516408,1.276048959089312,2.390581762548519,1.130549813637605,0.922639326442513,1.1613048957369372,0.7063275498101449,1.7070920054143914,0.7579257346636369,-1.583106296667073,2.058207391265359,3.6268341072866273,1.1731509140965108,1.1336913637483577,0.0180258013108466,1.8384609336775293,-1.521960976242208,0.886506759973667,-0.625786104821014,-0.2903322138265034,1.671597283220061,1.2157048488960331,-2.042154345236042,0.0917059930124421,1.170058265274472,-1.9985473814670816,-0.1034679590990025,0.0278244002502875,0.8747393607434257,1.1938471313248344,0.420726821575443,0.0875603602835272,0.3523247332325445,0.6515821973090038,1.0300704301621018,5.292199291746543,0.6737254192386181,-0.5891093690549859,0.3110104843070593,-0.1132805938256145,-1.2268329244409155,-1.277432709853106,2.0989440318508046,-1.3745063608288548,1.6088099749923956,-0.3874455825779644,1.5513887330707177,0.7526277365610977,2.3873315828675103,-0.1315121249085697,2.0960072041926696,0.6316014839596578,-0.3872340537829266,-0.0727133675288346,-0.5509048977746301,1.209198366217436,-1.1629817067172483,2.2497850572425278,1.1481421059358918,-2.713934458039992,-0.8677697428360973,-0.7882742421174455,2.737832686943898,1.6172248617745033,2.377851871802764,4.810981826714332,3.0591621098879265,2.1646546321364912,3.159982794307831,3.3839155861608843,3.5219793576549137,-0.1066809219204139,-1.1262898560238366,1.03187442674346,2.9722242535541765,2.064218542248596,1.624859431850317,1.3848413911654038,1.6860577478663537,1.9543606041746304,2.249125792162811,1.66789231288329,1.456383887689333,1.528525156338639,0.647855370340043,2.8849211570051283
