,iModulon,Gene
0,0,EQU24_RS00110
1,0,EQU24_RS00165
2,0,EQU24_RS00390
3,0,EQU24_RS00450
4,0,EQU24_RS00455
5,0,EQU24_RS00495
6,0,EQU24_RS00600
7,0,EQU24_RS00605
8,0,EQU24_RS00620
9,0,EQU24_RS00660
10,0,EQU24_RS00790
11,0,EQU24_RS00915
12,0,EQU24_RS01075
13,0,EQU24_RS01110
14,0,EQU24_RS01150
15,0,EQU24_RS01420
16,0,EQU24_RS01885
17,0,EQU24_RS02170
18,0,EQU24_RS02195
19,0,EQU24_RS02505
20,0,EQU24_RS02510
21,0,EQU24_RS02535
22,0,EQU24_RS02730
23,0,EQU24_RS03010
24,0,EQU24_RS03175
25,0,EQU24_RS03555
26,0,EQU24_RS03760
27,0,EQU24_RS03860
28,0,EQU24_RS03875
29,0,EQU24_RS03880
30,0,EQU24_RS04125
31,0,EQU24_RS04290
32,0,EQU24_RS04305
33,0,EQU24_RS04490
34,0,EQU24_RS04530
35,0,EQU24_RS04865
36,0,EQU24_RS04950
37,0,EQU24_RS04960
38,0,EQU24_RS05540
39,0,EQU24_RS05625
40,0,EQU24_RS05645
41,0,EQU24_RS06060
42,0,EQU24_RS06205
43,0,EQU24_RS06210
44,0,EQU24_RS06215
45,0,EQU24_RS06400
46,0,EQU24_RS07915
47,0,EQU24_RS07995
48,0,EQU24_RS08030
49,0,EQU24_RS08935
50,0,EQU24_RS09050
51,0,EQU24_RS09225
52,0,EQU24_RS09250
53,0,EQU24_RS09295
54,0,EQU24_RS09660
55,0,EQU24_RS09895
56,0,EQU24_RS09905
57,0,EQU24_RS10030
58,0,EQU24_RS10585
59,0,EQU24_RS10695
60,0,EQU24_RS11925
61,0,EQU24_RS11930
62,0,EQU24_RS12140
63,0,EQU24_RS12435
64,0,EQU24_RS12525
65,0,EQU24_RS12945
66,0,EQU24_RS13015
67,0,EQU24_RS13240
68,0,EQU24_RS13270
69,0,EQU24_RS13340
70,0,EQU24_RS13665
71,0,EQU24_RS13910
72,0,EQU24_RS14775
73,0,EQU24_RS15035
74,0,EQU24_RS15185
75,0,EQU24_RS15965
76,0,EQU24_RS15990
77,0,EQU24_RS16035
78,0,EQU24_RS16160
79,0,EQU24_RS16260
80,0,EQU24_RS16370
81,0,EQU24_RS17220
82,0,EQU24_RS17235
83,0,EQU24_RS17470
84,0,EQU24_RS17655
85,0,EQU24_RS17660
86,0,EQU24_RS17680
87,0,EQU24_RS17725
88,0,EQU24_RS18190
89,0,EQU24_RS18355
90,0,EQU24_RS18400
91,0,EQU24_RS18430
92,0,EQU24_RS18680
93,0,EQU24_RS19110
94,0,EQU24_RS19115
95,0,EQU24_RS19120
96,0,EQU24_RS19125
97,0,EQU24_RS19135
98,0,EQU24_RS19290
99,0,EQU24_RS19635
100,0,EQU24_RS19690
101,0,EQU24_RS19745
102,0,EQU24_RS19750
103,0,EQU24_RS19755
104,0,EQU24_RS20610
105,0,EQU24_RS20705
106,0,EQU24_RS20900
107,0,EQU24_RS21260
108,0,EQU24_RS21815
109,0,EQU24_RS22125
110,0,EQU24_RS22130
111,1,EQU24_RS00625
112,1,EQU24_RS00645
113,1,EQU24_RS03550
114,1,EQU24_RS05645
115,1,EQU24_RS05725
116,1,EQU24_RS08845
117,1,EQU24_RS09050
118,1,EQU24_RS09300
119,1,EQU24_RS09560
120,1,EQU24_RS09835
121,1,EQU24_RS10945
122,1,EQU24_RS12090
123,1,EQU24_RS12825
124,1,EQU24_RS13885
125,1,EQU24_RS15095
126,1,EQU24_RS15570
127,1,EQU24_RS17080
128,1,EQU24_RS18555
129,1,EQU24_RS19665
130,1,EQU24_RS19925
131,1,EQU24_RS20040
132,1,EQU24_RS20615
133,1,EQU24_RS20700
134,2,EQU24_RS00305
135,2,EQU24_RS00310
136,2,EQU24_RS01305
137,2,EQU24_RS03035
138,2,EQU24_RS03040
139,2,EQU24_RS04025
140,2,EQU24_RS06295
141,2,EQU24_RS06305
142,2,EQU24_RS06665
143,2,EQU24_RS06670
144,2,EQU24_RS06675
145,2,EQU24_RS06680
146,2,EQU24_RS06685
147,2,EQU24_RS06690
148,2,EQU24_RS06695
149,2,EQU24_RS08505
150,2,EQU24_RS08705
151,2,EQU24_RS08710
152,2,EQU24_RS09450
153,2,EQU24_RS09455
154,2,EQU24_RS10145
155,2,EQU24_RS10230
156,2,EQU24_RS10235
157,2,EQU24_RS10240
158,2,EQU24_RS10245
159,2,EQU24_RS10255
160,2,EQU24_RS11875
161,2,EQU24_RS13070
162,2,EQU24_RS13075
163,2,EQU24_RS13080
164,2,EQU24_RS13145
165,2,EQU24_RS13150
166,2,EQU24_RS14140
167,2,EQU24_RS14240
168,2,EQU24_RS14245
169,2,EQU24_RS14250
170,2,EQU24_RS17065
171,2,EQU24_RS17270
172,2,EQU24_RS20750
173,2,EQU24_RS20755
174,2,EQU24_RS20950
175,2,EQU24_RS21685
176,2,EQU24_RS21945
177,2,EQU24_RS21950
178,3,EQU24_RS12140
179,4,EQU24_RS18585
180,4,EQU24_RS20510
181,4,EQU24_RS20765
182,5,EQU24_RS00075
183,5,EQU24_RS00180
184,5,EQU24_RS00190
185,5,EQU24_RS01120
186,5,EQU24_RS01165
187,5,EQU24_RS01175
188,5,EQU24_RS01540
189,5,EQU24_RS01825
190,5,EQU24_RS02345
191,5,EQU24_RS03455
192,5,EQU24_RS05350
193,5,EQU24_RS05390
194,5,EQU24_RS05435
195,5,EQU24_RS05760
196,5,EQU24_RS06145
197,5,EQU24_RS07125
198,5,EQU24_RS07500
199,5,EQU24_RS08205
200,5,EQU24_RS08470
201,5,EQU24_RS08490
202,5,EQU24_RS09095
203,5,EQU24_RS09155
204,5,EQU24_RS09570
205,5,EQU24_RS10500
206,5,EQU24_RS10605
207,5,EQU24_RS10640
208,5,EQU24_RS10685
209,5,EQU24_RS10940
210,5,EQU24_RS11890
211,5,EQU24_RS11985
212,5,EQU24_RS12085
213,5,EQU24_RS12125
214,5,EQU24_RS12130
215,5,EQU24_RS13015
216,5,EQU24_RS13500
217,5,EQU24_RS13975
218,5,EQU24_RS14485
219,5,EQU24_RS14500
220,5,EQU24_RS14560
221,5,EQU24_RS14655
222,5,EQU24_RS14755
223,5,EQU24_RS14765
224,5,EQU24_RS15680
225,5,EQU24_RS16060
226,5,EQU24_RS16380
227,5,EQU24_RS16550
228,5,EQU24_RS16555
229,5,EQU24_RS17080
230,5,EQU24_RS17090
231,5,EQU24_RS17220
232,5,EQU24_RS17225
233,5,EQU24_RS17235
234,5,EQU24_RS17255
235,5,EQU24_RS17325
236,5,EQU24_RS17335
237,5,EQU24_RS17360
238,5,EQU24_RS18480
239,5,EQU24_RS19100
240,5,EQU24_RS19665
241,5,EQU24_RS19915
242,5,EQU24_RS21260
243,5,EQU24_RS21835
244,6,EQU24_RS00145
245,6,EQU24_RS00250
246,6,EQU24_RS03455
247,6,EQU24_RS04120
248,6,EQU24_RS06205
249,6,EQU24_RS08030
250,6,EQU24_RS08840
251,6,EQU24_RS08855
252,6,EQU24_RS09155
253,6,EQU24_RS10680
254,6,EQU24_RS10685
255,6,EQU24_RS10985
256,6,EQU24_RS11915
257,6,EQU24_RS12210
258,6,EQU24_RS14560
259,6,EQU24_RS15740
260,6,EQU24_RS16380
261,6,EQU24_RS17325
262,6,EQU24_RS17430
263,6,EQU24_RS20980
264,7,EQU24_RS00625
265,7,EQU24_RS00640
266,7,EQU24_RS02055
267,7,EQU24_RS18840
268,7,EQU24_RS18855
269,8,EQU24_RS18110
270,8,EQU24_RS18120
271,8,EQU24_RS18125
272,8,EQU24_RS18130
273,8,EQU24_RS18135
274,8,EQU24_RS18140
275,9,EQU24_RS01215
276,9,EQU24_RS06210
277,9,EQU24_RS08645
278,9,EQU24_RS08650
279,9,EQU24_RS08655
280,9,EQU24_RS08660
281,9,EQU24_RS11535
282,9,EQU24_RS11540
283,9,EQU24_RS11545
284,9,EQU24_RS11550
285,9,EQU24_RS11555
286,9,EQU24_RS12235
287,9,EQU24_RS15660
288,9,EQU24_RS17820
289,9,EQU24_RS17825
290,9,EQU24_RS17880
291,10,EQU24_RS00075
292,10,EQU24_RS00670
293,10,EQU24_RS01375
294,10,EQU24_RS01455
295,10,EQU24_RS01670
296,10,EQU24_RS01900
297,10,EQU24_RS01940
298,10,EQU24_RS02300
299,10,EQU24_RS02320
300,10,EQU24_RS03435
301,10,EQU24_RS04230
302,10,EQU24_RS05165
303,10,EQU24_RS05300
304,10,EQU24_RS05370
305,10,EQU24_RS05675
306,10,EQU24_RS06665
307,10,EQU24_RS06885
308,10,EQU24_RS07295
309,10,EQU24_RS07680
310,10,EQU24_RS07995
311,10,EQU24_RS08030
312,10,EQU24_RS08490
313,10,EQU24_RS08580
314,10,EQU24_RS08585
315,10,EQU24_RS08590
316,10,EQU24_RS08595
317,10,EQU24_RS08705
318,10,EQU24_RS08845
319,10,EQU24_RS09190
320,10,EQU24_RS09195
321,10,EQU24_RS09205
322,10,EQU24_RS09210
323,10,EQU24_RS10810
324,10,EQU24_RS10815
325,10,EQU24_RS10820
326,10,EQU24_RS10825
327,10,EQU24_RS10830
328,10,EQU24_RS10835
329,10,EQU24_RS12005
330,10,EQU24_RS12010
331,10,EQU24_RS12015
332,10,EQU24_RS12020
333,10,EQU24_RS12025
334,10,EQU24_RS12030
335,10,EQU24_RS12035
336,10,EQU24_RS12040
337,10,EQU24_RS12045
338,10,EQU24_RS12050
339,10,EQU24_RS12055
340,10,EQU24_RS12060
341,10,EQU24_RS12065
342,10,EQU24_RS14125
343,10,EQU24_RS14140
344,10,EQU24_RS14655
345,10,EQU24_RS17010
346,10,EQU24_RS17390
347,10,EQU24_RS17670
348,10,EQU24_RS18395
349,10,EQU24_RS18425
350,10,EQU24_RS18550
351,10,EQU24_RS18585
352,10,EQU24_RS18745
353,10,EQU24_RS19620
354,10,EQU24_RS20335
355,10,EQU24_RS20480
356,10,EQU24_RS20485
357,10,EQU24_RS20490
358,10,EQU24_RS20495
359,10,EQU24_RS20500
360,10,EQU24_RS20575
361,10,EQU24_RS20695
362,10,EQU24_RS20705
363,10,EQU24_RS20770
364,10,EQU24_RS20860
365,10,EQU24_RS20865
366,10,EQU24_RS20870
367,10,EQU24_RS21000
368,10,EQU24_RS21260
369,10,EQU24_RS21430
370,10,EQU24_RS21440
371,10,EQU24_RS21445
372,10,EQU24_RS21645
373,10,EQU24_RS21950
374,10,EQU24_RS21955
375,10,EQU24_RS21960
376,11,EQU24_RS01635
377,11,EQU24_RS01670
378,11,EQU24_RS08770
379,11,EQU24_RS08775
380,11,EQU24_RS08780
381,11,EQU24_RS08785
382,11,EQU24_RS10820
383,11,EQU24_RS10825
384,11,EQU24_RS10830
385,11,EQU24_RS10985
386,11,EQU24_RS14125
387,11,EQU24_RS14130
388,11,EQU24_RS15345
389,11,EQU24_RS15350
390,11,EQU24_RS15355
391,11,EQU24_RS15360
392,11,EQU24_RS15365
393,11,EQU24_RS15370
394,11,EQU24_RS17660
395,11,EQU24_RS17690
396,11,EQU24_RS18390
397,12,EQU24_RS17330
398,13,EQU24_RS01175
399,13,EQU24_RS01555
400,13,EQU24_RS03435
401,13,EQU24_RS03455
402,13,EQU24_RS08710
403,13,EQU24_RS10685
404,13,EQU24_RS11990
405,13,EQU24_RS14930
406,13,EQU24_RS16380
407,13,EQU24_RS21260
408,14,EQU24_RS00940
409,14,EQU24_RS02555
410,14,EQU24_RS03415
411,14,EQU24_RS03420
412,14,EQU24_RS03425
413,14,EQU24_RS03580
414,14,EQU24_RS03640
415,14,EQU24_RS04700
416,14,EQU24_RS05720
417,14,EQU24_RS07165
418,14,EQU24_RS07170
419,14,EQU24_RS07175
420,14,EQU24_RS07180
421,14,EQU24_RS07190
422,14,EQU24_RS07195
423,14,EQU24_RS07240
424,14,EQU24_RS07870
425,14,EQU24_RS08410
426,14,EQU24_RS08415
427,14,EQU24_RS08970
428,14,EQU24_RS08975
429,14,EQU24_RS08980
430,14,EQU24_RS08985
431,14,EQU24_RS08990
432,14,EQU24_RS08995
433,14,EQU24_RS09000
434,14,EQU24_RS09005
435,14,EQU24_RS09010
436,14,EQU24_RS10735
437,14,EQU24_RS12620
438,14,EQU24_RS12625
439,14,EQU24_RS12630
440,14,EQU24_RS12635
441,14,EQU24_RS12640
442,14,EQU24_RS12645
443,14,EQU24_RS12805
444,14,EQU24_RS14875
445,14,EQU24_RS14885
446,14,EQU24_RS14890
447,14,EQU24_RS14895
448,14,EQU24_RS14900
449,14,EQU24_RS14910
450,14,EQU24_RS14915
451,14,EQU24_RS16200
452,14,EQU24_RS16225
453,14,EQU24_RS16230
454,14,EQU24_RS17155
455,14,EQU24_RS17160
456,14,EQU24_RS17270
457,14,EQU24_RS19170
458,15,EQU24_RS00180
459,15,EQU24_RS00185
460,15,EQU24_RS00200
461,15,EQU24_RS00295
462,15,EQU24_RS01135
463,15,EQU24_RS01175
464,15,EQU24_RS01385
465,15,EQU24_RS01390
466,15,EQU24_RS01495
467,15,EQU24_RS02055
468,15,EQU24_RS02110
469,15,EQU24_RS03370
470,15,EQU24_RS03595
471,15,EQU24_RS03770
472,15,EQU24_RS04160
473,15,EQU24_RS04225
474,15,EQU24_RS04315
475,15,EQU24_RS05350
476,15,EQU24_RS05390
477,15,EQU24_RS05635
478,15,EQU24_RS06200
479,15,EQU24_RS06320
480,15,EQU24_RS06380
481,15,EQU24_RS07375
482,15,EQU24_RS07635
483,15,EQU24_RS07955
484,15,EQU24_RS07960
485,15,EQU24_RS07965
486,15,EQU24_RS07995
487,15,EQU24_RS08100
488,15,EQU24_RS08320
489,15,EQU24_RS08980
490,15,EQU24_RS09235
491,15,EQU24_RS09685
492,15,EQU24_RS10060
493,15,EQU24_RS10330
494,15,EQU24_RS10360
495,15,EQU24_RS10680
496,15,EQU24_RS10775
497,15,EQU24_RS10780
498,15,EQU24_RS11585
499,15,EQU24_RS11895
500,15,EQU24_RS11915
501,15,EQU24_RS12090
502,15,EQU24_RS12805
503,15,EQU24_RS13045
504,15,EQU24_RS13335
505,15,EQU24_RS13510
506,15,EQU24_RS13705
507,15,EQU24_RS14130
508,15,EQU24_RS14365
509,15,EQU24_RS14655
510,15,EQU24_RS14850
511,15,EQU24_RS14930
512,15,EQU24_RS14960
513,15,EQU24_RS15125
514,15,EQU24_RS15150
515,15,EQU24_RS15155
516,15,EQU24_RS15160
517,15,EQU24_RS15165
518,15,EQU24_RS16040
519,15,EQU24_RS16055
520,15,EQU24_RS16245
521,15,EQU24_RS16305
522,15,EQU24_RS16505
523,15,EQU24_RS16575
524,15,EQU24_RS16930
525,15,EQU24_RS17020
526,15,EQU24_RS17080
527,15,EQU24_RS17085
528,15,EQU24_RS17270
529,15,EQU24_RS17280
530,15,EQU24_RS17305
531,15,EQU24_RS17310
532,15,EQU24_RS17315
533,15,EQU24_RS17385
534,15,EQU24_RS17420
535,15,EQU24_RS17490
536,15,EQU24_RS17505
537,15,EQU24_RS17510
538,15,EQU24_RS17700
539,15,EQU24_RS17995
540,15,EQU24_RS18390
541,15,EQU24_RS18480
542,15,EQU24_RS18545
543,15,EQU24_RS18550
544,15,EQU24_RS18555
545,15,EQU24_RS19980
546,15,EQU24_RS20230
547,15,EQU24_RS20360
548,15,EQU24_RS20675
549,15,EQU24_RS20685
550,15,EQU24_RS20820
551,15,EQU24_RS20910
552,15,EQU24_RS20980
553,15,EQU24_RS21615
554,15,EQU24_RS21680
555,15,EQU24_RS21805
556,15,EQU24_RS22045
557,16,EQU24_RS00125
558,16,EQU24_RS00160
559,16,EQU24_RS00590
560,16,EQU24_RS00990
561,16,EQU24_RS01600
562,16,EQU24_RS02325
563,16,EQU24_RS02895
564,16,EQU24_RS02920
565,16,EQU24_RS02970
566,16,EQU24_RS02975
567,16,EQU24_RS05260
568,16,EQU24_RS05635
569,16,EQU24_RS05640
570,16,EQU24_RS05645
571,16,EQU24_RS05735
572,16,EQU24_RS05740
573,16,EQU24_RS05745
574,16,EQU24_RS05750
575,16,EQU24_RS05930
576,16,EQU24_RS06885
577,16,EQU24_RS07015
578,16,EQU24_RS07145
579,16,EQU24_RS07165
580,16,EQU24_RS07250
581,16,EQU24_RS07375
582,16,EQU24_RS08400
583,16,EQU24_RS08505
584,16,EQU24_RS08590
585,16,EQU24_RS08595
586,16,EQU24_RS08735
587,16,EQU24_RS09190
588,16,EQU24_RS09195
589,16,EQU24_RS09205
590,16,EQU24_RS09210
591,16,EQU24_RS09825
592,16,EQU24_RS09830
593,16,EQU24_RS09835
594,16,EQU24_RS10370
595,16,EQU24_RS10820
596,16,EQU24_RS10825
597,16,EQU24_RS10830
598,16,EQU24_RS10835
599,16,EQU24_RS10965
600,16,EQU24_RS10990
601,16,EQU24_RS11345
602,16,EQU24_RS12305
603,16,EQU24_RS12545
604,16,EQU24_RS12635
605,16,EQU24_RS12640
606,16,EQU24_RS12645
607,16,EQU24_RS12650
608,16,EQU24_RS12655
609,16,EQU24_RS12665
610,16,EQU24_RS13995
611,16,EQU24_RS14140
612,16,EQU24_RS14890
613,16,EQU24_RS14895
614,16,EQU24_RS14900
615,16,EQU24_RS14910
616,16,EQU24_RS15095
617,16,EQU24_RS16195
618,16,EQU24_RS16575
619,16,EQU24_RS16835
620,16,EQU24_RS16840
621,16,EQU24_RS17675
622,16,EQU24_RS18160
623,16,EQU24_RS18550
624,16,EQU24_RS18735
625,16,EQU24_RS18740
626,16,EQU24_RS19140
627,16,EQU24_RS19145
628,16,EQU24_RS19305
629,16,EQU24_RS19310
630,16,EQU24_RS19315
631,16,EQU24_RS19970
632,16,EQU24_RS20335
633,16,EQU24_RS20990
634,17,EQU24_RS00780
635,17,EQU24_RS01130
636,17,EQU24_RS01170
637,17,EQU24_RS01175
638,17,EQU24_RS01340
639,17,EQU24_RS01345
640,17,EQU24_RS01350
641,17,EQU24_RS01360
642,17,EQU24_RS01365
643,17,EQU24_RS01385
644,17,EQU24_RS01390
645,17,EQU24_RS01580
646,17,EQU24_RS01585
647,17,EQU24_RS01935
648,17,EQU24_RS02775
649,17,EQU24_RS04285
650,17,EQU24_RS04290
651,17,EQU24_RS06225
652,17,EQU24_RS06290
653,17,EQU24_RS06390
654,17,EQU24_RS06885
655,17,EQU24_RS07240
656,17,EQU24_RS07375
657,17,EQU24_RS07680
658,17,EQU24_RS08005
659,17,EQU24_RS08695
660,17,EQU24_RS08775
661,17,EQU24_RS10300
662,17,EQU24_RS10730
663,17,EQU24_RS12095
664,17,EQU24_RS13975
665,17,EQU24_RS14125
666,17,EQU24_RS14130
667,17,EQU24_RS14140
668,17,EQU24_RS16885
669,17,EQU24_RS16890
670,17,EQU24_RS17010
671,17,EQU24_RS17065
672,17,EQU24_RS17080
673,17,EQU24_RS17140
674,17,EQU24_RS17150
675,17,EQU24_RS17185
676,17,EQU24_RS17440
677,17,EQU24_RS17445
678,17,EQU24_RS17450
679,17,EQU24_RS17460
680,17,EQU24_RS17465
681,17,EQU24_RS17470
682,17,EQU24_RS18395
683,17,EQU24_RS18435
684,17,EQU24_RS18440
685,17,EQU24_RS18955
686,17,EQU24_RS18960
687,17,EQU24_RS19140
688,17,EQU24_RS19875
689,17,EQU24_RS19880
690,17,EQU24_RS19890
691,17,EQU24_RS19980
692,17,EQU24_RS20235
693,17,EQU24_RS20320
694,17,EQU24_RS20680
695,17,EQU24_RS20925
696,17,EQU24_RS20930
697,17,EQU24_RS20935
698,17,EQU24_RS20950
699,17,EQU24_RS21765
700,17,EQU24_RS21860
701,17,EQU24_RS21870
702,18,EQU24_RS00470
703,18,EQU24_RS00940
704,18,EQU24_RS01475
705,18,EQU24_RS01635
706,18,EQU24_RS01640
707,18,EQU24_RS01660
708,18,EQU24_RS01665
709,18,EQU24_RS01670
710,18,EQU24_RS02325
711,18,EQU24_RS03415
712,18,EQU24_RS05260
713,18,EQU24_RS05295
714,18,EQU24_RS05300
715,18,EQU24_RS05565
716,18,EQU24_RS05570
717,18,EQU24_RS05880
718,18,EQU24_RS05930
719,18,EQU24_RS06200
720,18,EQU24_RS06225
721,18,EQU24_RS06290
722,18,EQU24_RS06685
723,18,EQU24_RS06690
724,18,EQU24_RS07240
725,18,EQU24_RS07995
726,18,EQU24_RS08105
727,18,EQU24_RS09490
728,18,EQU24_RS10010
729,18,EQU24_RS10340
730,18,EQU24_RS11515
731,18,EQU24_RS12210
732,18,EQU24_RS12635
733,18,EQU24_RS12640
734,18,EQU24_RS12645
735,18,EQU24_RS12855
736,18,EQU24_RS14140
737,18,EQU24_RS14335
738,18,EQU24_RS14345
739,18,EQU24_RS14870
740,18,EQU24_RS14875
741,18,EQU24_RS15150
742,18,EQU24_RS15155
743,18,EQU24_RS15160
744,18,EQU24_RS16325
745,18,EQU24_RS16330
746,18,EQU24_RS16335
747,18,EQU24_RS16810
748,18,EQU24_RS16820
749,18,EQU24_RS16830
750,18,EQU24_RS16995
751,18,EQU24_RS17000
752,18,EQU24_RS17005
753,18,EQU24_RS17010
754,18,EQU24_RS17015
755,18,EQU24_RS17265
756,18,EQU24_RS17270
757,18,EQU24_RS17335
758,18,EQU24_RS17500
759,18,EQU24_RS18070
760,18,EQU24_RS19140
761,18,EQU24_RS19145
762,18,EQU24_RS19150
763,18,EQU24_RS19870
764,18,EQU24_RS20550
765,18,EQU24_RS20555
766,18,EQU24_RS20565
767,18,EQU24_RS20575
768,18,EQU24_RS20695
769,18,EQU24_RS20700
770,18,EQU24_RS20705
771,18,EQU24_RS20860
772,18,EQU24_RS20865
773,18,EQU24_RS20870
774,18,EQU24_RS21100
775,18,EQU24_RS21750
776,19,EQU24_RS00090
777,19,EQU24_RS00095
778,19,EQU24_RS00160
779,19,EQU24_RS00455
780,19,EQU24_RS00625
781,19,EQU24_RS00645
782,19,EQU24_RS01345
783,19,EQU24_RS01350
784,19,EQU24_RS01370
785,19,EQU24_RS01375
786,19,EQU24_RS01765
787,19,EQU24_RS01955
788,19,EQU24_RS01965
789,19,EQU24_RS02200
790,19,EQU24_RS02300
791,19,EQU24_RS02585
792,19,EQU24_RS02590
793,19,EQU24_RS02600
794,19,EQU24_RS02605
795,19,EQU24_RS02855
796,19,EQU24_RS02860
797,19,EQU24_RS02865
798,19,EQU24_RS02870
799,19,EQU24_RS05440
800,19,EQU24_RS05445
801,19,EQU24_RS05645
802,19,EQU24_RS05785
803,19,EQU24_RS05945
804,19,EQU24_RS05950
805,19,EQU24_RS06130
806,19,EQU24_RS06495
807,19,EQU24_RS06565
808,19,EQU24_RS06610
809,19,EQU24_RS07440
810,19,EQU24_RS08005
811,19,EQU24_RS08010
812,19,EQU24_RS08015
813,19,EQU24_RS08030
814,19,EQU24_RS08470
815,19,EQU24_RS08475
816,19,EQU24_RS08830
817,19,EQU24_RS08835
818,19,EQU24_RS08845
819,19,EQU24_RS08850
820,19,EQU24_RS08985
821,19,EQU24_RS09105
822,19,EQU24_RS09295
823,19,EQU24_RS09300
824,19,EQU24_RS09500
825,19,EQU24_RS09560
826,19,EQU24_RS09750
827,19,EQU24_RS09755
828,19,EQU24_RS09795
829,19,EQU24_RS09830
830,19,EQU24_RS10670
831,19,EQU24_RS10675
832,19,EQU24_RS10685
833,19,EQU24_RS10690
834,19,EQU24_RS10695
835,19,EQU24_RS10755
836,19,EQU24_RS10760
837,19,EQU24_RS10770
838,19,EQU24_RS11005
839,19,EQU24_RS11010
840,19,EQU24_RS11015
841,19,EQU24_RS11020
842,19,EQU24_RS11440
843,19,EQU24_RS11455
844,19,EQU24_RS11460
845,19,EQU24_RS11580
846,19,EQU24_RS12090
847,19,EQU24_RS12145
848,19,EQU24_RS12500
849,19,EQU24_RS12520
850,19,EQU24_RS12680
851,19,EQU24_RS12685
852,19,EQU24_RS12805
853,19,EQU24_RS12835
854,19,EQU24_RS12840
855,19,EQU24_RS12855
856,19,EQU24_RS12960
857,19,EQU24_RS13375
858,19,EQU24_RS13380
859,19,EQU24_RS13620
860,19,EQU24_RS13625
861,19,EQU24_RS13840
862,19,EQU24_RS13875
863,19,EQU24_RS14065
864,19,EQU24_RS14070
865,19,EQU24_RS14125
866,19,EQU24_RS14130
867,19,EQU24_RS14440
868,19,EQU24_RS14445
869,19,EQU24_RS14515
870,19,EQU24_RS14755
871,19,EQU24_RS15390
872,19,EQU24_RS15460
873,19,EQU24_RS15540
874,19,EQU24_RS15545
875,19,EQU24_RS15650
876,19,EQU24_RS15760
877,19,EQU24_RS16295
878,19,EQU24_RS17065
879,19,EQU24_RS17315
880,19,EQU24_RS17665
881,19,EQU24_RS17860
882,19,EQU24_RS18300
883,19,EQU24_RS18305
884,19,EQU24_RS18390
885,19,EQU24_RS19140
886,19,EQU24_RS19145
887,19,EQU24_RS19165
888,19,EQU24_RS19200
889,19,EQU24_RS19260
890,19,EQU24_RS19325
891,19,EQU24_RS19330
892,19,EQU24_RS19370
893,19,EQU24_RS19595
894,19,EQU24_RS19600
895,19,EQU24_RS19605
896,19,EQU24_RS19610
897,19,EQU24_RS19840
898,19,EQU24_RS19850
899,19,EQU24_RS19855
900,19,EQU24_RS20375
901,19,EQU24_RS20380
902,19,EQU24_RS20385
903,19,EQU24_RS21150
904,19,EQU24_RS21195
905,19,EQU24_RS21200
906,19,EQU24_RS21275
907,19,EQU24_RS21280
908,19,EQU24_RS21300
909,19,EQU24_RS21305
910,19,EQU24_RS21380
911,19,EQU24_RS21385
912,19,EQU24_RS21390
913,19,EQU24_RS21395
914,19,EQU24_RS21400
915,19,EQU24_RS21620
916,19,EQU24_RS21945
917,19,EQU24_RS21950
918,19,EQU24_RS21955
919,19,EQU24_RS21960
920,19,EQU24_RS21970
921,19,EQU24_RS21975
922,19,EQU24_RS22065
923,19,EQU24_RS22070
924,19,EQU24_RS22075
925,19,EQU24_RS22080
926,19,EQU24_RS22085
927,20,EQU24_RS00185
928,20,EQU24_RS01150
929,20,EQU24_RS01765
930,20,EQU24_RS05320
931,20,EQU24_RS06205
932,20,EQU24_RS08455
933,20,EQU24_RS08830
934,20,EQU24_RS11970
935,20,EQU24_RS14755
936,20,EQU24_RS15150
937,20,EQU24_RS20980
938,21,EQU24_RS00940
939,21,EQU24_RS07675
940,21,EQU24_RS07680
941,21,EQU24_RS19470
942,21,EQU24_RS19475
943,21,EQU24_RS19480
944,21,EQU24_RS19485
945,21,EQU24_RS19490
946,21,EQU24_RS19495
947,21,EQU24_RS19500
948,21,EQU24_RS19505
949,21,EQU24_RS19510
950,21,EQU24_RS19515
951,21,EQU24_RS19520
952,21,EQU24_RS21000
953,22,EQU24_RS04160
954,22,EQU24_RS05675
955,22,EQU24_RS06200
956,22,EQU24_RS06885
957,22,EQU24_RS09050
958,22,EQU24_RS12805
959,22,EQU24_RS14960
960,22,EQU24_RS16040
961,22,EQU24_RS17670
962,22,EQU24_RS18390
963,22,EQU24_RS18395
964,22,EQU24_RS20230
965,23,EQU24_RS00055
966,23,EQU24_RS00220
967,23,EQU24_RS00345
968,23,EQU24_RS00385
969,23,EQU24_RS00575
970,23,EQU24_RS00675
971,23,EQU24_RS00780
972,23,EQU24_RS00910
973,23,EQU24_RS00950
974,23,EQU24_RS01135
975,23,EQU24_RS01155
976,23,EQU24_RS01170
977,23,EQU24_RS01495
978,23,EQU24_RS01540
979,23,EQU24_RS01595
980,23,EQU24_RS01705
981,23,EQU24_RS01825
982,23,EQU24_RS01840
983,23,EQU24_RS01860
984,23,EQU24_RS01930
985,23,EQU24_RS02100
986,23,EQU24_RS02160
987,23,EQU24_RS02215
988,23,EQU24_RS02340
989,23,EQU24_RS02530
990,23,EQU24_RS02970
991,23,EQU24_RS03005
992,23,EQU24_RS03140
993,23,EQU24_RS03145
994,23,EQU24_RS03440
995,23,EQU24_RS03555
996,23,EQU24_RS03605
997,23,EQU24_RS03775
998,23,EQU24_RS03780
999,23,EQU24_RS03790
1000,23,EQU24_RS04160
1001,23,EQU24_RS04170
1002,23,EQU24_RS04245
1003,23,EQU24_RS04250
1004,23,EQU24_RS04315
1005,23,EQU24_RS04515
1006,23,EQU24_RS04535
1007,23,EQU24_RS04600
1008,23,EQU24_RS04605
1009,23,EQU24_RS05055
1010,23,EQU24_RS05090
1011,23,EQU24_RS05220
1012,23,EQU24_RS05345
1013,23,EQU24_RS05490
1014,23,EQU24_RS05580
1015,23,EQU24_RS05745
1016,23,EQU24_RS05760
1017,23,EQU24_RS05880
1018,23,EQU24_RS05960
1019,23,EQU24_RS06020
1020,23,EQU24_RS06065
1021,23,EQU24_RS06145
1022,23,EQU24_RS06160
1023,23,EQU24_RS06305
1024,23,EQU24_RS06320
1025,23,EQU24_RS06380
1026,23,EQU24_RS06390
1027,23,EQU24_RS06430
1028,23,EQU24_RS06650
1029,23,EQU24_RS06755
1030,23,EQU24_RS06960
1031,23,EQU24_RS07035
1032,23,EQU24_RS07060
1033,23,EQU24_RS07365
1034,23,EQU24_RS07390
1035,23,EQU24_RS07500
1036,23,EQU24_RS07585
1037,23,EQU24_RS07835
1038,23,EQU24_RS07925
1039,23,EQU24_RS07950
1040,23,EQU24_RS07960
1041,23,EQU24_RS07995
1042,23,EQU24_RS08080
1043,23,EQU24_RS08130
1044,23,EQU24_RS08140
1045,23,EQU24_RS08205
1046,23,EQU24_RS08635
1047,23,EQU24_RS08685
1048,23,EQU24_RS08830
1049,23,EQU24_RS08980
1050,23,EQU24_RS09155
1051,23,EQU24_RS09365
1052,23,EQU24_RS09470
1053,23,EQU24_RS09545
1054,23,EQU24_RS09570
1055,23,EQU24_RS09725
1056,23,EQU24_RS09765
1057,23,EQU24_RS09830
1058,23,EQU24_RS09965
1059,23,EQU24_RS10025
1060,23,EQU24_RS10140
1061,23,EQU24_RS10230
1062,23,EQU24_RS10325
1063,23,EQU24_RS10545
1064,23,EQU24_RS10680
1065,23,EQU24_RS10780
1066,23,EQU24_RS10965
1067,23,EQU24_RS11035
1068,23,EQU24_RS11040
1069,23,EQU24_RS11075
1070,23,EQU24_RS11335
1071,23,EQU24_RS11605
1072,23,EQU24_RS11755
1073,23,EQU24_RS11920
1074,23,EQU24_RS11970
1075,23,EQU24_RS11990
1076,23,EQU24_RS12000
1077,23,EQU24_RS12060
1078,23,EQU24_RS12120
1079,23,EQU24_RS12130
1080,23,EQU24_RS12145
1081,23,EQU24_RS12150
1082,23,EQU24_RS12320
1083,23,EQU24_RS12460
1084,23,EQU24_RS12655
1085,23,EQU24_RS12675
1086,23,EQU24_RS12710
1087,23,EQU24_RS12720
1088,23,EQU24_RS12870
1089,23,EQU24_RS12900
1090,23,EQU24_RS12960
1091,23,EQU24_RS12970
1092,23,EQU24_RS13015
1093,23,EQU24_RS13040
1094,23,EQU24_RS13055
1095,23,EQU24_RS13185
1096,23,EQU24_RS13290
1097,23,EQU24_RS13300
1098,23,EQU24_RS13450
1099,23,EQU24_RS13500
1100,23,EQU24_RS13665
1101,23,EQU24_RS13705
1102,23,EQU24_RS13710
1103,23,EQU24_RS13720
1104,23,EQU24_RS13770
1105,23,EQU24_RS13810
1106,23,EQU24_RS13865
1107,23,EQU24_RS13910
1108,23,EQU24_RS13965
1109,23,EQU24_RS13995
1110,23,EQU24_RS14140
1111,23,EQU24_RS14180
1112,23,EQU24_RS14195
1113,23,EQU24_RS14350
1114,23,EQU24_RS14365
1115,23,EQU24_RS14450
1116,23,EQU24_RS14460
1117,23,EQU24_RS14480
1118,23,EQU24_RS14555
1119,23,EQU24_RS14560
1120,23,EQU24_RS14620
1121,23,EQU24_RS14660
1122,23,EQU24_RS14920
1123,23,EQU24_RS14925
1124,23,EQU24_RS15090
1125,23,EQU24_RS15205
1126,23,EQU24_RS15235
1127,23,EQU24_RS15475
1128,23,EQU24_RS15740
1129,23,EQU24_RS15785
1130,23,EQU24_RS15930
1131,23,EQU24_RS15935
1132,23,EQU24_RS15940
1133,23,EQU24_RS15945
1134,23,EQU24_RS16005
1135,23,EQU24_RS16145
1136,23,EQU24_RS16240
1137,23,EQU24_RS16325
1138,23,EQU24_RS16355
1139,23,EQU24_RS16375
1140,23,EQU24_RS16405
1141,23,EQU24_RS16505
1142,23,EQU24_RS16555
1143,23,EQU24_RS16620
1144,23,EQU24_RS16870
1145,23,EQU24_RS17000
1146,23,EQU24_RS17005
1147,23,EQU24_RS17010
1148,23,EQU24_RS17015
1149,23,EQU24_RS17030
1150,23,EQU24_RS17040
1151,23,EQU24_RS17135
1152,23,EQU24_RS17150
1153,23,EQU24_RS17180
1154,23,EQU24_RS17225
1155,23,EQU24_RS17260
1156,23,EQU24_RS17300
1157,23,EQU24_RS17335
1158,23,EQU24_RS17360
1159,23,EQU24_RS17365
1160,23,EQU24_RS17400
1161,23,EQU24_RS17475
1162,23,EQU24_RS17505
1163,23,EQU24_RS17700
1164,23,EQU24_RS17845
1165,23,EQU24_RS17925
1166,23,EQU24_RS18005
1167,23,EQU24_RS18060
1168,23,EQU24_RS18125
1169,23,EQU24_RS18160
1170,23,EQU24_RS18190
1171,23,EQU24_RS18295
1172,23,EQU24_RS18380
1173,23,EQU24_RS18420
1174,23,EQU24_RS18425
1175,23,EQU24_RS18450
1176,23,EQU24_RS18455
1177,23,EQU24_RS18485
1178,23,EQU24_RS18505
1179,23,EQU24_RS18585
1180,23,EQU24_RS18720
1181,23,EQU24_RS18830
1182,23,EQU24_RS18945
1183,23,EQU24_RS19030
1184,23,EQU24_RS19075
1185,23,EQU24_RS19080
1186,23,EQU24_RS19105
1187,23,EQU24_RS19120
1188,23,EQU24_RS19155
1189,23,EQU24_RS19265
1190,23,EQU24_RS19270
1191,23,EQU24_RS19665
1192,23,EQU24_RS19890
1193,23,EQU24_RS19925
1194,23,EQU24_RS20205
1195,23,EQU24_RS20385
1196,23,EQU24_RS20415
1197,23,EQU24_RS20450
1198,23,EQU24_RS20500
1199,23,EQU24_RS20670
1200,23,EQU24_RS20740
1201,23,EQU24_RS20800
1202,23,EQU24_RS20820
1203,23,EQU24_RS20900
1204,23,EQU24_RS20950
1205,23,EQU24_RS21050
1206,23,EQU24_RS21210
1207,23,EQU24_RS21645
1208,23,EQU24_RS21670
1209,23,EQU24_RS21810
1210,23,EQU24_RS21820
1211,23,EQU24_RS21860
1212,23,EQU24_RS22110
1213,24,EQU24_RS05090
1214,24,EQU24_RS05635
1215,24,EQU24_RS07375
1216,24,EQU24_RS07995
1217,24,EQU24_RS08855
1218,24,EQU24_RS10780
1219,24,EQU24_RS12815
1220,24,EQU24_RS15125
1221,24,EQU24_RS17665
1222,24,EQU24_RS18555
1223,24,EQU24_RS18860
1224,24,EQU24_RS20610
1225,25,EQU24_RS00645
1226,25,EQU24_RS01445
1227,25,EQU24_RS02055
1228,25,EQU24_RS05785
1229,25,EQU24_RS08845
1230,25,EQU24_RS12090
1231,25,EQU24_RS15150
1232,25,EQU24_RS15155
1233,25,EQU24_RS15160
1234,25,EQU24_RS15165
1235,26,EQU24_RS00625
1236,26,EQU24_RS00645
1237,26,EQU24_RS02055
1238,26,EQU24_RS12825
1239,26,EQU24_RS21805
1240,27,EQU24_RS05885
1241,27,EQU24_RS05890
1242,27,EQU24_RS05895
1243,27,EQU24_RS05900
1244,27,EQU24_RS05905
1245,27,EQU24_RS05910
1246,27,EQU24_RS05915
1247,27,EQU24_RS05920
1248,27,EQU24_RS05925
1249,28,EQU24_RS19155
1250,28,EQU24_RS19160
1251,28,EQU24_RS20545
1252,28,EQU24_RS20550
1253,28,EQU24_RS20555
1254,28,EQU24_RS20560
1255,28,EQU24_RS20565
1256,28,EQU24_RS20570
1257,28,EQU24_RS20575
1258,28,EQU24_RS20580
1259,28,EQU24_RS20585
1260,28,EQU24_RS20590
1261,29,EQU24_RS00105
1262,29,EQU24_RS00145
1263,29,EQU24_RS00190
1264,29,EQU24_RS00195
1265,29,EQU24_RS00205
1266,29,EQU24_RS00255
1267,29,EQU24_RS00295
1268,29,EQU24_RS00595
1269,29,EQU24_RS01155
1270,29,EQU24_RS01215
1271,29,EQU24_RS01635
1272,29,EQU24_RS01640
1273,29,EQU24_RS01645
1274,29,EQU24_RS01650
1275,29,EQU24_RS01655
1276,29,EQU24_RS01660
1277,29,EQU24_RS01665
1278,29,EQU24_RS01670
1279,29,EQU24_RS01840
1280,29,EQU24_RS02110
1281,29,EQU24_RS02170
1282,29,EQU24_RS02350
1283,29,EQU24_RS02610
1284,29,EQU24_RS02660
1285,29,EQU24_RS02920
1286,29,EQU24_RS03110
1287,29,EQU24_RS03540
1288,29,EQU24_RS03580
1289,29,EQU24_RS03610
1290,29,EQU24_RS03625
1291,29,EQU24_RS03765
1292,29,EQU24_RS03870
1293,29,EQU24_RS03965
1294,29,EQU24_RS04110
1295,29,EQU24_RS04650
1296,29,EQU24_RS05295
1297,29,EQU24_RS05320
1298,29,EQU24_RS05425
1299,29,EQU24_RS05655
1300,29,EQU24_RS05885
1301,29,EQU24_RS06115
1302,29,EQU24_RS06225
1303,29,EQU24_RS06320
1304,29,EQU24_RS06450
1305,29,EQU24_RS06670
1306,29,EQU24_RS06755
1307,29,EQU24_RS07190
1308,29,EQU24_RS07240
1309,29,EQU24_RS07440
1310,29,EQU24_RS07625
1311,29,EQU24_RS07950
1312,29,EQU24_RS07955
1313,29,EQU24_RS07970
1314,29,EQU24_RS08010
1315,29,EQU24_RS08065
1316,29,EQU24_RS08180
1317,29,EQU24_RS08285
1318,29,EQU24_RS08555
1319,29,EQU24_RS08595
1320,29,EQU24_RS08695
1321,29,EQU24_RS08770
1322,29,EQU24_RS08775
1323,29,EQU24_RS08780
1324,29,EQU24_RS08785
1325,29,EQU24_RS08790
1326,29,EQU24_RS08795
1327,29,EQU24_RS08800
1328,29,EQU24_RS08810
1329,29,EQU24_RS08840
1330,29,EQU24_RS08980
1331,29,EQU24_RS09235
1332,29,EQU24_RS09240
1333,29,EQU24_RS09365
1334,29,EQU24_RS09685
1335,29,EQU24_RS09730
1336,29,EQU24_RS09770
1337,29,EQU24_RS09780
1338,29,EQU24_RS09795
1339,29,EQU24_RS09895
1340,29,EQU24_RS10235
1341,29,EQU24_RS10240
1342,29,EQU24_RS10245
1343,29,EQU24_RS10255
1344,29,EQU24_RS10300
1345,29,EQU24_RS10535
1346,29,EQU24_RS10680
1347,29,EQU24_RS10775
1348,29,EQU24_RS10780
1349,29,EQU24_RS10865
1350,29,EQU24_RS10920
1351,29,EQU24_RS10960
1352,29,EQU24_RS11070
1353,29,EQU24_RS11235
1354,29,EQU24_RS11625
1355,29,EQU24_RS11905
1356,29,EQU24_RS12095
1357,29,EQU24_RS12145
1358,29,EQU24_RS12430
1359,29,EQU24_RS12435
1360,29,EQU24_RS12450
1361,29,EQU24_RS12455
1362,29,EQU24_RS12460
1363,29,EQU24_RS12655
1364,29,EQU24_RS12690
1365,29,EQU24_RS12805
1366,29,EQU24_RS13015
1367,29,EQU24_RS13135
1368,29,EQU24_RS13170
1369,29,EQU24_RS13485
1370,29,EQU24_RS13515
1371,29,EQU24_RS13720
1372,29,EQU24_RS13770
1373,29,EQU24_RS13805
1374,29,EQU24_RS13885
1375,29,EQU24_RS13890
1376,29,EQU24_RS13970
1377,29,EQU24_RS13975
1378,29,EQU24_RS14015
1379,29,EQU24_RS14025
1380,29,EQU24_RS14035
1381,29,EQU24_RS14040
1382,29,EQU24_RS14050
1383,29,EQU24_RS14055
1384,29,EQU24_RS14125
1385,29,EQU24_RS14130
1386,29,EQU24_RS14140
1387,29,EQU24_RS14155
1388,29,EQU24_RS14160
1389,29,EQU24_RS14165
1390,29,EQU24_RS14335
1391,29,EQU24_RS14340
1392,29,EQU24_RS14345
1393,29,EQU24_RS14475
1394,29,EQU24_RS14750
1395,29,EQU24_RS14760
1396,29,EQU24_RS14800
1397,29,EQU24_RS14845
1398,29,EQU24_RS14850
1399,29,EQU24_RS14870
1400,29,EQU24_RS14875
1401,29,EQU24_RS14910
1402,29,EQU24_RS14915
1403,29,EQU24_RS14930
1404,29,EQU24_RS15025
1405,29,EQU24_RS15355
1406,29,EQU24_RS15360
1407,29,EQU24_RS15365
1408,29,EQU24_RS15370
1409,29,EQU24_RS15485
1410,29,EQU24_RS15650
1411,29,EQU24_RS15685
1412,29,EQU24_RS15690
1413,29,EQU24_RS15740
1414,29,EQU24_RS15800
1415,29,EQU24_RS15990
1416,29,EQU24_RS16025
1417,29,EQU24_RS16035
1418,29,EQU24_RS16055
1419,29,EQU24_RS16200
1420,29,EQU24_RS16225
1421,29,EQU24_RS16245
1422,29,EQU24_RS16250
1423,29,EQU24_RS16285
1424,29,EQU24_RS16520
1425,29,EQU24_RS16575
1426,29,EQU24_RS16580
1427,29,EQU24_RS16700
1428,29,EQU24_RS16880
1429,29,EQU24_RS16885
1430,29,EQU24_RS16935
1431,29,EQU24_RS17005
1432,29,EQU24_RS17015
1433,29,EQU24_RS17155
1434,29,EQU24_RS17160
1435,29,EQU24_RS17355
1436,29,EQU24_RS17385
1437,29,EQU24_RS17500
1438,29,EQU24_RS17825
1439,29,EQU24_RS18420
1440,29,EQU24_RS18425
1441,29,EQU24_RS18545
1442,29,EQU24_RS18830
1443,29,EQU24_RS18860
1444,29,EQU24_RS19100
1445,29,EQU24_RS19110
1446,29,EQU24_RS19155
1447,29,EQU24_RS19510
1448,29,EQU24_RS19515
1449,29,EQU24_RS19665
1450,29,EQU24_RS19805
1451,29,EQU24_RS19955
1452,29,EQU24_RS20230
1453,29,EQU24_RS20335
1454,29,EQU24_RS20555
1455,29,EQU24_RS20575
1456,29,EQU24_RS20590
1457,29,EQU24_RS20610
1458,29,EQU24_RS20750
1459,29,EQU24_RS20755
1460,29,EQU24_RS20905
1461,29,EQU24_RS20935
1462,29,EQU24_RS21445
1463,29,EQU24_RS21455
1464,29,EQU24_RS21645
1465,29,EQU24_RS21665
1466,29,EQU24_RS21735
1467,29,EQU24_RS21740
1468,29,EQU24_RS21745
1469,29,EQU24_RS21750
1470,29,EQU24_RS21760
1471,29,EQU24_RS21865
1472,29,EQU24_RS21910
1473,29,EQU24_RS21965
1474,30,EQU24_RS00195
1475,30,EQU24_RS01125
1476,30,EQU24_RS01155
1477,30,EQU24_RS01170
1478,30,EQU24_RS01175
1479,30,EQU24_RS01260
1480,30,EQU24_RS01555
1481,30,EQU24_RS01765
1482,30,EQU24_RS05305
1483,30,EQU24_RS05435
1484,30,EQU24_RS06145
1485,30,EQU24_RS06210
1486,30,EQU24_RS06295
1487,30,EQU24_RS08460
1488,30,EQU24_RS10700
1489,30,EQU24_RS10730
1490,30,EQU24_RS10945
1491,30,EQU24_RS11985
1492,30,EQU24_RS11990
1493,30,EQU24_RS12110
1494,30,EQU24_RS12125
1495,30,EQU24_RS12130
1496,30,EQU24_RS14755
1497,30,EQU24_RS16540
1498,30,EQU24_RS16545
1499,30,EQU24_RS16555
1500,30,EQU24_RS17215
1501,30,EQU24_RS17310
1502,30,EQU24_RS18145
1503,30,EQU24_RS20235
1504,30,EQU24_RS20510
1505,31,EQU24_RS01450
1506,31,EQU24_RS03465
1507,31,EQU24_RS03770
1508,31,EQU24_RS03790
1509,31,EQU24_RS03795
1510,31,EQU24_RS04130
1511,31,EQU24_RS04160
1512,31,EQU24_RS05635
1513,31,EQU24_RS06860
1514,31,EQU24_RS07485
1515,31,EQU24_RS08850
1516,31,EQU24_RS09830
1517,31,EQU24_RS11115
1518,31,EQU24_RS11380
1519,31,EQU24_RS12805
1520,31,EQU24_RS12820
1521,31,EQU24_RS15090
1522,31,EQU24_RS15095
1523,31,EQU24_RS16985
1524,31,EQU24_RS17700
1525,31,EQU24_RS17885
1526,31,EQU24_RS18550
1527,31,EQU24_RS18555
1528,31,EQU24_RS19045
1529,31,EQU24_RS20615
1530,32,EQU24_RS17060
1531,32,EQU24_RS17065
1532,32,EQU24_RS17070
1533,32,EQU24_RS17075
1534,32,EQU24_RS17080
1535,32,EQU24_RS17085
1536,32,EQU24_RS17090
1537,32,EQU24_RS17095
1538,32,EQU24_RS17100
1539,32,EQU24_RS17115
1540,32,EQU24_RS17120
1541,32,EQU24_RS17125
1542,32,EQU24_RS17130
1543,32,EQU24_RS17135
1544,32,EQU24_RS17140
1545,32,EQU24_RS17145
1546,32,EQU24_RS17150
1547,32,EQU24_RS17155
1548,32,EQU24_RS17160
1549,32,EQU24_RS17165
1550,32,EQU24_RS17170
1551,32,EQU24_RS17200
1552,32,EQU24_RS17205
1553,32,EQU24_RS17210
1554,32,EQU24_RS17215
1555,32,EQU24_RS17220
1556,32,EQU24_RS17225
1557,32,EQU24_RS17230
1558,32,EQU24_RS17235
1559,32,EQU24_RS17240
1560,32,EQU24_RS17245
1561,32,EQU24_RS17250
1562,32,EQU24_RS17255
1563,32,EQU24_RS17260
1564,32,EQU24_RS17265
1565,32,EQU24_RS17270
1566,32,EQU24_RS17275
1567,32,EQU24_RS17285
1568,32,EQU24_RS17290
1569,32,EQU24_RS17295
1570,32,EQU24_RS17300
1571,32,EQU24_RS17315
1572,32,EQU24_RS17325
1573,32,EQU24_RS17335
1574,32,EQU24_RS17340
1575,32,EQU24_RS17345
1576,32,EQU24_RS17405
1577,32,EQU24_RS17410
1578,32,EQU24_RS17415
1579,32,EQU24_RS17420
1580,33,EQU24_RS00030
1581,33,EQU24_RS00085
1582,33,EQU24_RS00190
1583,33,EQU24_RS00330
1584,33,EQU24_RS00335
1585,33,EQU24_RS00340
1586,33,EQU24_RS00345
1587,33,EQU24_RS00810
1588,33,EQU24_RS00880
1589,33,EQU24_RS00990
1590,33,EQU24_RS01020
1591,33,EQU24_RS01110
1592,33,EQU24_RS01140
1593,33,EQU24_RS01145
1594,33,EQU24_RS01155
1595,33,EQU24_RS01185
1596,33,EQU24_RS01200
1597,33,EQU24_RS01220
1598,33,EQU24_RS01225
1599,33,EQU24_RS01230
1600,33,EQU24_RS01235
1601,33,EQU24_RS01305
1602,33,EQU24_RS01310
1603,33,EQU24_RS01375
1604,33,EQU24_RS01390
1605,33,EQU24_RS01415
1606,33,EQU24_RS01540
1607,33,EQU24_RS01720
1608,33,EQU24_RS01730
1609,33,EQU24_RS01750
1610,33,EQU24_RS01790
1611,33,EQU24_RS01955
1612,33,EQU24_RS02130
1613,33,EQU24_RS02215
1614,33,EQU24_RS02365
1615,33,EQU24_RS02550
1616,33,EQU24_RS02670
1617,33,EQU24_RS02675
1618,33,EQU24_RS02780
1619,33,EQU24_RS02920
1620,33,EQU24_RS02970
1621,33,EQU24_RS02995
1622,33,EQU24_RS03145
1623,33,EQU24_RS03170
1624,33,EQU24_RS03175
1625,33,EQU24_RS03235
1626,33,EQU24_RS03350
1627,33,EQU24_RS03480
1628,33,EQU24_RS03540
1629,33,EQU24_RS03800
1630,33,EQU24_RS03870
1631,33,EQU24_RS03875
1632,33,EQU24_RS03880
1633,33,EQU24_RS03920
1634,33,EQU24_RS03955
1635,33,EQU24_RS04225
1636,33,EQU24_RS04380
1637,33,EQU24_RS04400
1638,33,EQU24_RS04415
1639,33,EQU24_RS05220
1640,33,EQU24_RS05350
1641,33,EQU24_RS05370
1642,33,EQU24_RS05390
1643,33,EQU24_RS05625
1644,33,EQU24_RS05745
1645,33,EQU24_RS05915
1646,33,EQU24_RS06140
1647,33,EQU24_RS06180
1648,33,EQU24_RS06205
1649,33,EQU24_RS06390
1650,33,EQU24_RS06755
1651,33,EQU24_RS06810
1652,33,EQU24_RS06820
1653,33,EQU24_RS06825
1654,33,EQU24_RS06850
1655,33,EQU24_RS06855
1656,33,EQU24_RS07070
1657,33,EQU24_RS07075
1658,33,EQU24_RS07125
1659,33,EQU24_RS07490
1660,33,EQU24_RS07505
1661,33,EQU24_RS07525
1662,33,EQU24_RS07530
1663,33,EQU24_RS07600
1664,33,EQU24_RS07825
1665,33,EQU24_RS07965
1666,33,EQU24_RS07995
1667,33,EQU24_RS08065
1668,33,EQU24_RS08100
1669,33,EQU24_RS08255
1670,33,EQU24_RS08465
1671,33,EQU24_RS08585
1672,33,EQU24_RS08620
1673,33,EQU24_RS08840
1674,33,EQU24_RS08960
1675,33,EQU24_RS09120
1676,33,EQU24_RS09135
1677,33,EQU24_RS09155
1678,33,EQU24_RS09250
1679,33,EQU24_RS09255
1680,33,EQU24_RS09725
1681,33,EQU24_RS10110
1682,33,EQU24_RS10205
1683,33,EQU24_RS10325
1684,33,EQU24_RS10330
1685,33,EQU24_RS10500
1686,33,EQU24_RS10550
1687,33,EQU24_RS10555
1688,33,EQU24_RS10605
1689,33,EQU24_RS10610
1690,33,EQU24_RS10615
1691,33,EQU24_RS10775
1692,33,EQU24_RS10960
1693,33,EQU24_RS10965
1694,33,EQU24_RS11400
1695,33,EQU24_RS11405
1696,33,EQU24_RS11425
1697,33,EQU24_RS11525
1698,33,EQU24_RS11650
1699,33,EQU24_RS11655
1700,33,EQU24_RS11685
1701,33,EQU24_RS11695
1702,33,EQU24_RS11700
1703,33,EQU24_RS11850
1704,33,EQU24_RS11895
1705,33,EQU24_RS11930
1706,33,EQU24_RS11955
1707,33,EQU24_RS11970
1708,33,EQU24_RS12015
1709,33,EQU24_RS12030
1710,33,EQU24_RS12035
1711,33,EQU24_RS12055
1712,33,EQU24_RS12130
1713,33,EQU24_RS12655
1714,33,EQU24_RS12675
1715,33,EQU24_RS13010
1716,33,EQU24_RS13015
1717,33,EQU24_RS13040
1718,33,EQU24_RS13045
1719,33,EQU24_RS13365
1720,33,EQU24_RS13480
1721,33,EQU24_RS13500
1722,33,EQU24_RS13885
1723,33,EQU24_RS13925
1724,33,EQU24_RS14025
1725,33,EQU24_RS14030
1726,33,EQU24_RS14285
1727,33,EQU24_RS14335
1728,33,EQU24_RS14350
1729,33,EQU24_RS14430
1730,33,EQU24_RS14500
1731,33,EQU24_RS14565
1732,33,EQU24_RS14630
1733,33,EQU24_RS14635
1734,33,EQU24_RS14655
1735,33,EQU24_RS14705
1736,33,EQU24_RS14710
1737,33,EQU24_RS14800
1738,33,EQU24_RS14820
1739,33,EQU24_RS15035
1740,33,EQU24_RS15160
1741,33,EQU24_RS15570
1742,33,EQU24_RS15620
1743,33,EQU24_RS15700
1744,33,EQU24_RS15925
1745,33,EQU24_RS15960
1746,33,EQU24_RS16030
1747,33,EQU24_RS16185
1748,33,EQU24_RS16245
1749,33,EQU24_RS16380
1750,33,EQU24_RS16405
1751,33,EQU24_RS16470
1752,33,EQU24_RS16500
1753,33,EQU24_RS16505
1754,33,EQU24_RS16560
1755,33,EQU24_RS16565
1756,33,EQU24_RS16575
1757,33,EQU24_RS16905
1758,33,EQU24_RS17025
1759,33,EQU24_RS17090
1760,33,EQU24_RS17180
1761,33,EQU24_RS17190
1762,33,EQU24_RS17260
1763,33,EQU24_RS17270
1764,33,EQU24_RS17310
1765,33,EQU24_RS17365
1766,33,EQU24_RS17370
1767,33,EQU24_RS17375
1768,33,EQU24_RS17465
1769,33,EQU24_RS17500
1770,33,EQU24_RS17505
1771,33,EQU24_RS17510
1772,33,EQU24_RS17560
1773,33,EQU24_RS17660
1774,33,EQU24_RS17700
1775,33,EQU24_RS17740
1776,33,EQU24_RS17900
1777,33,EQU24_RS17915
1778,33,EQU24_RS17990
1779,33,EQU24_RS17995
1780,33,EQU24_RS18250
1781,33,EQU24_RS18375
1782,33,EQU24_RS18380
1783,33,EQU24_RS18475
1784,33,EQU24_RS18485
1785,33,EQU24_RS18500
1786,33,EQU24_RS18505
1787,33,EQU24_RS18555
1788,33,EQU24_RS18775
1789,33,EQU24_RS18780
1790,33,EQU24_RS18830
1791,33,EQU24_RS19210
1792,33,EQU24_RS19310
1793,33,EQU24_RS19320
1794,33,EQU24_RS19560
1795,33,EQU24_RS19745
1796,33,EQU24_RS19985
1797,33,EQU24_RS20270
1798,33,EQU24_RS20330
1799,33,EQU24_RS20345
1800,33,EQU24_RS20365
1801,33,EQU24_RS20610
1802,33,EQU24_RS20650
1803,33,EQU24_RS20705
1804,33,EQU24_RS20895
1805,33,EQU24_RS20900
1806,33,EQU24_RS20950
1807,33,EQU24_RS20990
1808,33,EQU24_RS21805
1809,33,EQU24_RS21830
1810,33,EQU24_RS22130
1811,33,EQU24_RS22145
1812,34,EQU24_RS20580
1813,35,EQU24_RS03455
1814,35,EQU24_RS05420
1815,35,EQU24_RS09095
1816,35,EQU24_RS10680
1817,35,EQU24_RS14480
1818,35,EQU24_RS14930
1819,35,EQU24_RS16375
1820,35,EQU24_RS20320
1821,35,EQU24_RS20610
1822,35,EQU24_RS21260
1823,36,EQU24_RS10515
1824,36,EQU24_RS10520
1825,36,EQU24_RS10525
1826,36,EQU24_RS10530
1827,36,EQU24_RS10535
1828,36,EQU24_RS10540
1829,36,EQU24_RS10545
1830,36,EQU24_RS10550
1831,36,EQU24_RS10565
1832,36,EQU24_RS10575
1833,36,EQU24_RS10580
1834,36,EQU24_RS10605
1835,36,EQU24_RS10610
1836,36,EQU24_RS10615
1837,36,EQU24_RS10620
1838,36,EQU24_RS10625
1839,36,EQU24_RS10630
1840,36,EQU24_RS10635
1841,36,EQU24_RS10640
1842,36,EQU24_RS10645
1843,36,EQU24_RS10650
1844,36,EQU24_RS10655
1845,36,EQU24_RS10660
1846,36,EQU24_RS10665
1847,36,EQU24_RS12805
1848,36,EQU24_RS16040
1849,37,EQU24_RS11910
1850,38,EQU24_RS16560
1851,38,EQU24_RS20950
1852,39,EQU24_RS00075
1853,39,EQU24_RS00105
1854,39,EQU24_RS00110
1855,39,EQU24_RS00505
1856,39,EQU24_RS00510
1857,39,EQU24_RS00950
1858,39,EQU24_RS01165
1859,39,EQU24_RS01175
1860,39,EQU24_RS01215
1861,39,EQU24_RS01635
1862,39,EQU24_RS01765
1863,39,EQU24_RS01895
1864,39,EQU24_RS02030
1865,39,EQU24_RS02055
1866,39,EQU24_RS02090
1867,39,EQU24_RS02300
1868,39,EQU24_RS02365
1869,39,EQU24_RS02565
1870,39,EQU24_RS02660
1871,39,EQU24_RS02780
1872,39,EQU24_RS02800
1873,39,EQU24_RS03025
1874,39,EQU24_RS03155
1875,39,EQU24_RS03520
1876,39,EQU24_RS03610
1877,39,EQU24_RS03615
1878,39,EQU24_RS03620
1879,39,EQU24_RS03665
1880,39,EQU24_RS03765
1881,39,EQU24_RS03770
1882,39,EQU24_RS03775
1883,39,EQU24_RS03780
1884,39,EQU24_RS03850
1885,39,EQU24_RS03985
1886,39,EQU24_RS03990
1887,39,EQU24_RS03995
1888,39,EQU24_RS04005
1889,39,EQU24_RS04010
1890,39,EQU24_RS04175
1891,39,EQU24_RS04255
1892,39,EQU24_RS04500
1893,39,EQU24_RS04585
1894,39,EQU24_RS04825
1895,39,EQU24_RS04830
1896,39,EQU24_RS05055
1897,39,EQU24_RS05225
1898,39,EQU24_RS05320
1899,39,EQU24_RS05350
1900,39,EQU24_RS05385
1901,39,EQU24_RS05390
1902,39,EQU24_RS05485
1903,39,EQU24_RS05640
1904,39,EQU24_RS05725
1905,39,EQU24_RS05765
1906,39,EQU24_RS06005
1907,39,EQU24_RS06115
1908,39,EQU24_RS06280
1909,39,EQU24_RS06315
1910,39,EQU24_RS06355
1911,39,EQU24_RS06590
1912,39,EQU24_RS07060
1913,39,EQU24_RS07375
1914,39,EQU24_RS07380
1915,39,EQU24_RS07445
1916,39,EQU24_RS07495
1917,39,EQU24_RS07675
1918,39,EQU24_RS07780
1919,39,EQU24_RS07790
1920,39,EQU24_RS07880
1921,39,EQU24_RS07970
1922,39,EQU24_RS07995
1923,39,EQU24_RS08010
1924,39,EQU24_RS08065
1925,39,EQU24_RS08090
1926,39,EQU24_RS08105
1927,39,EQU24_RS08215
1928,39,EQU24_RS08245
1929,39,EQU24_RS08605
1930,39,EQU24_RS08690
1931,39,EQU24_RS08730
1932,39,EQU24_RS08830
1933,39,EQU24_RS08890
1934,39,EQU24_RS08960
1935,39,EQU24_RS09315
1936,39,EQU24_RS09400
1937,39,EQU24_RS09445
1938,39,EQU24_RS09480
1939,39,EQU24_RS09515
1940,39,EQU24_RS09525
1941,39,EQU24_RS09540
1942,39,EQU24_RS09570
1943,39,EQU24_RS09585
1944,39,EQU24_RS09660
1945,39,EQU24_RS09990
1946,39,EQU24_RS09995
1947,39,EQU24_RS10080
1948,39,EQU24_RS10125
1949,39,EQU24_RS10140
1950,39,EQU24_RS10180
1951,39,EQU24_RS10305
1952,39,EQU24_RS10335
1953,39,EQU24_RS10370
1954,39,EQU24_RS10430
1955,39,EQU24_RS10455
1956,39,EQU24_RS10705
1957,39,EQU24_RS10780
1958,39,EQU24_RS10785
1959,39,EQU24_RS10950
1960,39,EQU24_RS10975
1961,39,EQU24_RS11425
1962,39,EQU24_RS11550
1963,39,EQU24_RS11920
1964,39,EQU24_RS11990
1965,39,EQU24_RS12075
1966,39,EQU24_RS12105
1967,39,EQU24_RS12110
1968,39,EQU24_RS12115
1969,39,EQU24_RS12120
1970,39,EQU24_RS12250
1971,39,EQU24_RS12320
1972,39,EQU24_RS12325
1973,39,EQU24_RS12425
1974,39,EQU24_RS12445
1975,39,EQU24_RS12455
1976,39,EQU24_RS12460
1977,39,EQU24_RS12515
1978,39,EQU24_RS12520
1979,39,EQU24_RS12640
1980,39,EQU24_RS12645
1981,39,EQU24_RS12735
1982,39,EQU24_RS13125
1983,39,EQU24_RS13170
1984,39,EQU24_RS13215
1985,39,EQU24_RS13235
1986,39,EQU24_RS13335
1987,39,EQU24_RS13420
1988,39,EQU24_RS13640
1989,39,EQU24_RS13725
1990,39,EQU24_RS13785
1991,39,EQU24_RS13885
1992,39,EQU24_RS13910
1993,39,EQU24_RS14105
1994,39,EQU24_RS14275
1995,39,EQU24_RS14345
1996,39,EQU24_RS14445
1997,39,EQU24_RS14490
1998,39,EQU24_RS14525
1999,39,EQU24_RS14545
2000,39,EQU24_RS14620
2001,39,EQU24_RS14645
2002,39,EQU24_RS14765
2003,39,EQU24_RS14835
2004,39,EQU24_RS14850
2005,39,EQU24_RS14925
2006,39,EQU24_RS14935
2007,39,EQU24_RS14940
2008,39,EQU24_RS15010
2009,39,EQU24_RS15125
2010,39,EQU24_RS15135
2011,39,EQU24_RS15510
2012,39,EQU24_RS15665
2013,39,EQU24_RS15745
2014,39,EQU24_RS16225
2015,39,EQU24_RS16240
2016,39,EQU24_RS16355
2017,39,EQU24_RS16360
2018,39,EQU24_RS16370
2019,39,EQU24_RS16435
2020,39,EQU24_RS16440
2021,39,EQU24_RS16445
2022,39,EQU24_RS16595
2023,39,EQU24_RS16815
2024,39,EQU24_RS16820
2025,39,EQU24_RS16825
2026,39,EQU24_RS16835
2027,39,EQU24_RS16840
2028,39,EQU24_RS16845
2029,39,EQU24_RS16865
2030,39,EQU24_RS16870
2031,39,EQU24_RS17265
2032,39,EQU24_RS17500
2033,39,EQU24_RS17505
2034,39,EQU24_RS17625
2035,39,EQU24_RS17665
2036,39,EQU24_RS17820
2037,39,EQU24_RS17825
2038,39,EQU24_RS17895
2039,39,EQU24_RS17900
2040,39,EQU24_RS18030
2041,39,EQU24_RS18060
2042,39,EQU24_RS18065
2043,39,EQU24_RS18145
2044,39,EQU24_RS18155
2045,39,EQU24_RS18550
2046,39,EQU24_RS18580
2047,39,EQU24_RS18790
2048,39,EQU24_RS18795
2049,39,EQU24_RS18900
2050,39,EQU24_RS18925
2051,39,EQU24_RS19125
2052,39,EQU24_RS19130
2053,39,EQU24_RS19155
2054,39,EQU24_RS19515
2055,39,EQU24_RS19875
2056,39,EQU24_RS19995
2057,39,EQU24_RS20050
2058,39,EQU24_RS20250
2059,39,EQU24_RS20335
2060,39,EQU24_RS20450
2061,39,EQU24_RS20650
2062,39,EQU24_RS20740
2063,39,EQU24_RS20895
2064,39,EQU24_RS21035
2065,39,EQU24_RS21040
2066,39,EQU24_RS21545
2067,39,EQU24_RS21640
2068,39,EQU24_RS21645
2069,39,EQU24_RS21950
2070,39,EQU24_RS21955
2071,39,EQU24_RS22045
2072,39,EQU24_RS22085
2073,40,EQU24_RS08710
2074,41,EQU24_RS00020
2075,41,EQU24_RS00045
2076,41,EQU24_RS00175
2077,41,EQU24_RS00205
2078,41,EQU24_RS00240
2079,41,EQU24_RS00330
2080,41,EQU24_RS00345
2081,41,EQU24_RS00420
2082,41,EQU24_RS00530
2083,41,EQU24_RS00535
2084,41,EQU24_RS00540
2085,41,EQU24_RS00575
2086,41,EQU24_RS00680
2087,41,EQU24_RS00685
2088,41,EQU24_RS00940
2089,41,EQU24_RS01245
2090,41,EQU24_RS01545
2091,41,EQU24_RS01555
2092,41,EQU24_RS01560
2093,41,EQU24_RS01810
2094,41,EQU24_RS01895
2095,41,EQU24_RS02090
2096,41,EQU24_RS02235
2097,41,EQU24_RS02240
2098,41,EQU24_RS02245
2099,41,EQU24_RS02250
2100,41,EQU24_RS02255
2101,41,EQU24_RS02260
2102,41,EQU24_RS02350
2103,41,EQU24_RS02635
2104,41,EQU24_RS02645
2105,41,EQU24_RS03040
2106,41,EQU24_RS03130
2107,41,EQU24_RS03455
2108,41,EQU24_RS03615
2109,41,EQU24_RS03710
2110,41,EQU24_RS03715
2111,41,EQU24_RS03720
2112,41,EQU24_RS03725
2113,41,EQU24_RS03780
2114,41,EQU24_RS03795
2115,41,EQU24_RS03800
2116,41,EQU24_RS03805
2117,41,EQU24_RS03810
2118,41,EQU24_RS03815
2119,41,EQU24_RS03820
2120,41,EQU24_RS03825
2121,41,EQU24_RS03830
2122,41,EQU24_RS03835
2123,41,EQU24_RS03840
2124,41,EQU24_RS03845
2125,41,EQU24_RS03850
2126,41,EQU24_RS03855
2127,41,EQU24_RS03860
2128,41,EQU24_RS03865
2129,41,EQU24_RS03870
2130,41,EQU24_RS03875
2131,41,EQU24_RS03880
2132,41,EQU24_RS03885
2133,41,EQU24_RS03890
2134,41,EQU24_RS03895
2135,41,EQU24_RS03900
2136,41,EQU24_RS03905
2137,41,EQU24_RS03910
2138,41,EQU24_RS03915
2139,41,EQU24_RS03920
2140,41,EQU24_RS03925
2141,41,EQU24_RS03930
2142,41,EQU24_RS03935
2143,41,EQU24_RS03940
2144,41,EQU24_RS03945
2145,41,EQU24_RS03950
2146,41,EQU24_RS03955
2147,41,EQU24_RS03960
2148,41,EQU24_RS03965
2149,41,EQU24_RS03970
2150,41,EQU24_RS03975
2151,41,EQU24_RS03980
2152,41,EQU24_RS03985
2153,41,EQU24_RS03990
2154,41,EQU24_RS03995
2155,41,EQU24_RS04000
2156,41,EQU24_RS04005
2157,41,EQU24_RS04065
2158,41,EQU24_RS04070
2159,41,EQU24_RS04225
2160,41,EQU24_RS04275
2161,41,EQU24_RS04395
2162,41,EQU24_RS04555
2163,41,EQU24_RS04625
2164,41,EQU24_RS04635
2165,41,EQU24_RS04640
2166,41,EQU24_RS04645
2167,41,EQU24_RS05230
2168,41,EQU24_RS05235
2169,41,EQU24_RS05240
2170,41,EQU24_RS05255
2171,41,EQU24_RS05330
2172,41,EQU24_RS05405
2173,41,EQU24_RS05545
2174,41,EQU24_RS05550
2175,41,EQU24_RS05555
2176,41,EQU24_RS05870
2177,41,EQU24_RS07170
2178,41,EQU24_RS07175
2179,41,EQU24_RS07180
2180,41,EQU24_RS07235
2181,41,EQU24_RS07240
2182,41,EQU24_RS07390
2183,41,EQU24_RS07400
2184,41,EQU24_RS07405
2185,41,EQU24_RS07525
2186,41,EQU24_RS07610
2187,41,EQU24_RS07925
2188,41,EQU24_RS07975
2189,41,EQU24_RS08030
2190,41,EQU24_RS08090
2191,41,EQU24_RS08150
2192,41,EQU24_RS08215
2193,41,EQU24_RS08260
2194,41,EQU24_RS08435
2195,41,EQU24_RS08555
2196,41,EQU24_RS08705
2197,41,EQU24_RS08990
2198,41,EQU24_RS09315
2199,41,EQU24_RS09400
2200,41,EQU24_RS09720
2201,41,EQU24_RS09765
2202,41,EQU24_RS09770
2203,41,EQU24_RS09835
2204,41,EQU24_RS09840
2205,41,EQU24_RS09990
2206,41,EQU24_RS09995
2207,41,EQU24_RS10000
2208,41,EQU24_RS10005
2209,41,EQU24_RS10230
2210,41,EQU24_RS10280
2211,41,EQU24_RS10375
2212,41,EQU24_RS10380
2213,41,EQU24_RS10390
2214,41,EQU24_RS10585
2215,41,EQU24_RS10595
2216,41,EQU24_RS10610
2217,41,EQU24_RS10640
2218,41,EQU24_RS10675
2219,41,EQU24_RS10700
2220,41,EQU24_RS10725
2221,41,EQU24_RS10730
2222,41,EQU24_RS10735
2223,41,EQU24_RS10740
2224,41,EQU24_RS10770
2225,41,EQU24_RS10850
2226,41,EQU24_RS10855
2227,41,EQU24_RS10900
2228,41,EQU24_RS10970
2229,41,EQU24_RS10980
2230,41,EQU24_RS10995
2231,41,EQU24_RS11895
2232,41,EQU24_RS11915
2233,41,EQU24_RS12080
2234,41,EQU24_RS12085
2235,41,EQU24_RS12140
2236,41,EQU24_RS12345
2237,41,EQU24_RS12570
2238,41,EQU24_RS12575
2239,41,EQU24_RS12640
2240,41,EQU24_RS12750
2241,41,EQU24_RS12805
2242,41,EQU24_RS12835
2243,41,EQU24_RS12845
2244,41,EQU24_RS12900
2245,41,EQU24_RS13055
2246,41,EQU24_RS13090
2247,41,EQU24_RS13205
2248,41,EQU24_RS13300
2249,41,EQU24_RS13305
2250,41,EQU24_RS13310
2251,41,EQU24_RS13315
2252,41,EQU24_RS13320
2253,41,EQU24_RS13465
2254,41,EQU24_RS13510
2255,41,EQU24_RS13525
2256,41,EQU24_RS13530
2257,41,EQU24_RS13550
2258,41,EQU24_RS13655
2259,41,EQU24_RS13665
2260,41,EQU24_RS13705
2261,41,EQU24_RS13720
2262,41,EQU24_RS13885
2263,41,EQU24_RS13975
2264,41,EQU24_RS14035
2265,41,EQU24_RS14040
2266,41,EQU24_RS14085
2267,41,EQU24_RS14100
2268,41,EQU24_RS14115
2269,41,EQU24_RS14285
2270,41,EQU24_RS14320
2271,41,EQU24_RS14350
2272,41,EQU24_RS14355
2273,41,EQU24_RS14360
2274,41,EQU24_RS14365
2275,41,EQU24_RS14485
2276,41,EQU24_RS14525
2277,41,EQU24_RS14555
2278,41,EQU24_RS14655
2279,41,EQU24_RS14730
2280,41,EQU24_RS14890
2281,41,EQU24_RS15020
2282,41,EQU24_RS15085
2283,41,EQU24_RS15110
2284,41,EQU24_RS15115
2285,41,EQU24_RS15120
2286,41,EQU24_RS15150
2287,41,EQU24_RS15175
2288,41,EQU24_RS15285
2289,41,EQU24_RS15320
2290,41,EQU24_RS15570
2291,41,EQU24_RS15650
2292,41,EQU24_RS15820
2293,41,EQU24_RS15825
2294,41,EQU24_RS16125
2295,41,EQU24_RS16305
2296,41,EQU24_RS16380
2297,41,EQU24_RS16420
2298,41,EQU24_RS16425
2299,41,EQU24_RS16430
2300,41,EQU24_RS16940
2301,41,EQU24_RS16945
2302,41,EQU24_RS17005
2303,41,EQU24_RS17065
2304,41,EQU24_RS17075
2305,41,EQU24_RS17210
2306,41,EQU24_RS17265
2307,41,EQU24_RS17370
2308,41,EQU24_RS17375
2309,41,EQU24_RS17385
2310,41,EQU24_RS17450
2311,41,EQU24_RS17460
2312,41,EQU24_RS18315
2313,41,EQU24_RS18390
2314,41,EQU24_RS18425
2315,41,EQU24_RS18480
2316,41,EQU24_RS18485
2317,41,EQU24_RS18500
2318,41,EQU24_RS18545
2319,41,EQU24_RS18550
2320,41,EQU24_RS18555
2321,41,EQU24_RS18585
2322,41,EQU24_RS18765
2323,41,EQU24_RS18770
2324,41,EQU24_RS18775
2325,41,EQU24_RS18780
2326,41,EQU24_RS18785
2327,41,EQU24_RS18810
2328,41,EQU24_RS19115
2329,41,EQU24_RS19270
2330,41,EQU24_RS19275
2331,41,EQU24_RS19305
2332,41,EQU24_RS19310
2333,41,EQU24_RS19350
2334,41,EQU24_RS19395
2335,41,EQU24_RS19400
2336,41,EQU24_RS19680
2337,41,EQU24_RS19765
2338,41,EQU24_RS19980
2339,41,EQU24_RS20175
2340,41,EQU24_RS20305
2341,41,EQU24_RS20510
2342,41,EQU24_RS20670
2343,41,EQU24_RS20685
2344,41,EQU24_RS20700
2345,41,EQU24_RS20740
2346,41,EQU24_RS20770
2347,41,EQU24_RS20800
2348,41,EQU24_RS20860
2349,41,EQU24_RS20865
2350,41,EQU24_RS20895
2351,41,EQU24_RS20950
2352,41,EQU24_RS21005
2353,41,EQU24_RS21430
2354,41,EQU24_RS21505
2355,41,EQU24_RS21555
2356,41,EQU24_RS21560
2357,41,EQU24_RS21565
2358,41,EQU24_RS21570
2359,41,EQU24_RS21575
2360,41,EQU24_RS21815
2361,41,EQU24_RS21820
2362,41,EQU24_RS21825
2363,41,EQU24_RS21970
2364,41,EQU24_RS22140
2365,42,EQU24_RS00175
2366,42,EQU24_RS01385
2367,42,EQU24_RS01760
2368,42,EQU24_RS07995
2369,42,EQU24_RS08710
2370,42,EQU24_RS10630
2371,42,EQU24_RS10960
2372,42,EQU24_RS12140
2373,42,EQU24_RS14750
2374,42,EQU24_RS14765
2375,42,EQU24_RS16555
2376,42,EQU24_RS17665
2377,42,EQU24_RS18430
2378,42,EQU24_RS19095
2379,42,EQU24_RS19915
2380,42,EQU24_RS20320
2381,42,EQU24_RS20610
2382,43,EQU24_RS00190
2383,43,EQU24_RS00250
2384,43,EQU24_RS00525
2385,43,EQU24_RS01135
2386,43,EQU24_RS01150
2387,43,EQU24_RS01245
2388,43,EQU24_RS01385
2389,43,EQU24_RS01435
2390,43,EQU24_RS01440
2391,43,EQU24_RS01655
2392,43,EQU24_RS01660
2393,43,EQU24_RS02085
2394,43,EQU24_RS02090
2395,43,EQU24_RS03580
2396,43,EQU24_RS04275
2397,43,EQU24_RS04595
2398,43,EQU24_RS04605
2399,43,EQU24_RS04745
2400,43,EQU24_RS04950
2401,43,EQU24_RS05415
2402,43,EQU24_RS06205
2403,43,EQU24_RS06320
2404,43,EQU24_RS06665
2405,43,EQU24_RS06670
2406,43,EQU24_RS06675
2407,43,EQU24_RS06680
2408,43,EQU24_RS06695
2409,43,EQU24_RS07995
2410,43,EQU24_RS08030
2411,43,EQU24_RS08170
2412,43,EQU24_RS08555
2413,43,EQU24_RS09155
2414,43,EQU24_RS09235
2415,43,EQU24_RS09835
2416,43,EQU24_RS10630
2417,43,EQU24_RS10700
2418,43,EQU24_RS10965
2419,43,EQU24_RS10985
2420,43,EQU24_RS10990
2421,43,EQU24_RS10995
2422,43,EQU24_RS11200
2423,43,EQU24_RS11225
2424,43,EQU24_RS12395
2425,43,EQU24_RS12460
2426,43,EQU24_RS12525
2427,43,EQU24_RS12805
2428,43,EQU24_RS13090
2429,43,EQU24_RS13975
2430,43,EQU24_RS14315
2431,43,EQU24_RS14505
2432,43,EQU24_RS14555
2433,43,EQU24_RS14655
2434,43,EQU24_RS14750
2435,43,EQU24_RS14755
2436,43,EQU24_RS14765
2437,43,EQU24_RS14790
2438,43,EQU24_RS14930
2439,43,EQU24_RS15740
2440,43,EQU24_RS16030
2441,43,EQU24_RS16035
2442,43,EQU24_RS16060
2443,43,EQU24_RS16250
2444,43,EQU24_RS16415
2445,43,EQU24_RS16420
2446,43,EQU24_RS16425
2447,43,EQU24_RS16430
2448,43,EQU24_RS16435
2449,43,EQU24_RS16440
2450,43,EQU24_RS16445
2451,43,EQU24_RS17160
2452,43,EQU24_RS17225
2453,43,EQU24_RS17310
2454,43,EQU24_RS17360
2455,43,EQU24_RS17665
2456,43,EQU24_RS17670
2457,43,EQU24_RS18430
2458,43,EQU24_RS19155
2459,43,EQU24_RS19585
2460,43,EQU24_RS19880
2461,43,EQU24_RS19890
2462,43,EQU24_RS20040
2463,43,EQU24_RS20110
2464,43,EQU24_RS20115
2465,43,EQU24_RS20175
2466,43,EQU24_RS20180
2467,43,EQU24_RS20485
2468,43,EQU24_RS20490
2469,43,EQU24_RS20590
2470,43,EQU24_RS20770
2471,43,EQU24_RS20950
2472,43,EQU24_RS21260
2473,43,EQU24_RS21645
2474,44,EQU24_RS01305
2475,45,EQU24_RS00780
2476,45,EQU24_RS02780
2477,45,EQU24_RS02970
2478,45,EQU24_RS04160
2479,45,EQU24_RS05640
2480,45,EQU24_RS05645
2481,45,EQU24_RS07965
2482,45,EQU24_RS09235
2483,45,EQU24_RS09830
2484,45,EQU24_RS09835
2485,45,EQU24_RS11170
2486,45,EQU24_RS15090
2487,45,EQU24_RS15095
2488,45,EQU24_RS16575
2489,45,EQU24_RS17665
2490,45,EQU24_RS19665
2491,45,EQU24_RS20650
2492,46,EQU24_RS01150
2493,46,EQU24_RS01175
2494,46,EQU24_RS01555
2495,46,EQU24_RS02995
2496,46,EQU24_RS03455
2497,46,EQU24_RS06205
2498,46,EQU24_RS10680
2499,46,EQU24_RS19655
2500,46,EQU24_RS20770
2501,47,EQU24_RS00175
2502,48,EQU24_RS01215
2503,48,EQU24_RS14755
2504,48,EQU24_RS14930
2505,48,EQU24_RS20905
2506,48,EQU24_RS20950
2507,49,EQU24_RS00205
2508,49,EQU24_RS00670
2509,49,EQU24_RS00675
2510,49,EQU24_RS01555
2511,49,EQU24_RS01570
2512,49,EQU24_RS02320
2513,49,EQU24_RS02325
2514,49,EQU24_RS02345
2515,49,EQU24_RS04225
2516,49,EQU24_RS05315
2517,49,EQU24_RS05870
2518,49,EQU24_RS05875
2519,49,EQU24_RS05880
2520,49,EQU24_RS05930
2521,49,EQU24_RS07015
2522,49,EQU24_RS08455
2523,49,EQU24_RS10680
2524,49,EQU24_RS10685
2525,49,EQU24_RS10960
2526,49,EQU24_RS11970
2527,49,EQU24_RS11990
2528,49,EQU24_RS12085
2529,49,EQU24_RS13045
2530,49,EQU24_RS14125
2531,49,EQU24_RS14760
2532,49,EQU24_RS14930
2533,49,EQU24_RS14935
2534,49,EQU24_RS16195
2535,49,EQU24_RS16555
2536,49,EQU24_RS17380
2537,49,EQU24_RS17445
2538,49,EQU24_RS19095
2539,49,EQU24_RS19155
2540,49,EQU24_RS19305
2541,49,EQU24_RS19310
2542,49,EQU24_RS19665
2543,49,EQU24_RS19880
2544,49,EQU24_RS20610
2545,49,EQU24_RS21260
2546,50,EQU24_RS11915
2547,51,EQU24_RS00145
2548,51,EQU24_RS00155
2549,51,EQU24_RS00175
2550,51,EQU24_RS00240
2551,51,EQU24_RS00295
2552,51,EQU24_RS00725
2553,51,EQU24_RS01125
2554,51,EQU24_RS01245
2555,51,EQU24_RS01260
2556,51,EQU24_RS01305
2557,51,EQU24_RS01530
2558,51,EQU24_RS01540
2559,51,EQU24_RS01550
2560,51,EQU24_RS01760
2561,51,EQU24_RS01960
2562,51,EQU24_RS02055
2563,51,EQU24_RS02110
2564,51,EQU24_RS02580
2565,51,EQU24_RS02780
2566,51,EQU24_RS03230
2567,51,EQU24_RS03455
2568,51,EQU24_RS03580
2569,51,EQU24_RS03615
2570,51,EQU24_RS04110
2571,51,EQU24_RS04160
2572,51,EQU24_RS04275
2573,51,EQU24_RS04315
2574,51,EQU24_RS04400
2575,51,EQU24_RS05075
2576,51,EQU24_RS05220
2577,51,EQU24_RS05445
2578,51,EQU24_RS05455
2579,51,EQU24_RS05635
2580,51,EQU24_RS05640
2581,51,EQU24_RS05760
2582,51,EQU24_RS06200
2583,51,EQU24_RS06225
2584,51,EQU24_RS06380
2585,51,EQU24_RS07060
2586,51,EQU24_RS07180
2587,51,EQU24_RS07375
2588,51,EQU24_RS07570
2589,51,EQU24_RS07575
2590,51,EQU24_RS08235
2591,51,EQU24_RS08455
2592,51,EQU24_RS08460
2593,51,EQU24_RS08470
2594,51,EQU24_RS09095
2595,51,EQU24_RS09155
2596,51,EQU24_RS09170
2597,51,EQU24_RS09190
2598,51,EQU24_RS09235
2599,51,EQU24_RS09570
2600,51,EQU24_RS09685
2601,51,EQU24_RS09835
2602,51,EQU24_RS10300
2603,51,EQU24_RS10535
2604,51,EQU24_RS10700
2605,51,EQU24_RS10720
2606,51,EQU24_RS10725
2607,51,EQU24_RS10735
2608,51,EQU24_RS10825
2609,51,EQU24_RS10830
2610,51,EQU24_RS10990
2611,51,EQU24_RS11170
2612,51,EQU24_RS11505
2613,51,EQU24_RS12090
2614,51,EQU24_RS12110
2615,51,EQU24_RS12120
2616,51,EQU24_RS12130
2617,51,EQU24_RS12230
2618,51,EQU24_RS12785
2619,51,EQU24_RS12805
2620,51,EQU24_RS12835
2621,51,EQU24_RS12965
2622,51,EQU24_RS13335
2623,51,EQU24_RS13560
2624,51,EQU24_RS13585
2625,51,EQU24_RS13620
2626,51,EQU24_RS13625
2627,51,EQU24_RS13665
2628,51,EQU24_RS13720
2629,51,EQU24_RS13790
2630,51,EQU24_RS13810
2631,51,EQU24_RS14140
2632,51,EQU24_RS14315
2633,51,EQU24_RS14665
2634,51,EQU24_RS14750
2635,51,EQU24_RS14765
2636,51,EQU24_RS14890
2637,51,EQU24_RS14925
2638,51,EQU24_RS14935
2639,51,EQU24_RS14940
2640,51,EQU24_RS15125
2641,51,EQU24_RS15150
2642,51,EQU24_RS15155
2643,51,EQU24_RS15650
2644,51,EQU24_RS15745
2645,51,EQU24_RS16025
2646,51,EQU24_RS16030
2647,51,EQU24_RS16035
2648,51,EQU24_RS16245
2649,51,EQU24_RS16250
2650,51,EQU24_RS16295
2651,51,EQU24_RS16415
2652,51,EQU24_RS16945
2653,51,EQU24_RS17185
2654,51,EQU24_RS17210
2655,51,EQU24_RS17235
2656,51,EQU24_RS17470
2657,51,EQU24_RS17560
2658,51,EQU24_RS18100
2659,51,EQU24_RS18110
2660,51,EQU24_RS18125
2661,51,EQU24_RS18130
2662,51,EQU24_RS18135
2663,51,EQU24_RS18140
2664,51,EQU24_RS18145
2665,51,EQU24_RS18155
2666,51,EQU24_RS18190
2667,51,EQU24_RS18390
2668,51,EQU24_RS18425
2669,51,EQU24_RS18585
2670,51,EQU24_RS18590
2671,51,EQU24_RS18860
2672,51,EQU24_RS19160
2673,51,EQU24_RS19210
2674,51,EQU24_RS19520
2675,51,EQU24_RS19605
2676,51,EQU24_RS19655
2677,51,EQU24_RS19765
2678,51,EQU24_RS20105
2679,51,EQU24_RS20110
2680,51,EQU24_RS20250
2681,51,EQU24_RS20450
2682,51,EQU24_RS20545
2683,51,EQU24_RS20585
2684,51,EQU24_RS20650
2685,51,EQU24_RS20900
2686,51,EQU24_RS20990
2687,51,EQU24_RS21145
2688,51,EQU24_RS21260
2689,51,EQU24_RS21430
2690,51,EQU24_RS21435
2691,51,EQU24_RS21440
2692,51,EQU24_RS21445
2693,51,EQU24_RS21450
2694,51,EQU24_RS21465
2695,51,EQU24_RS21695
2696,51,EQU24_RS21700
2697,51,EQU24_RS21810
2698,51,EQU24_RS21890
2699,51,EQU24_RS21900
2700,51,EQU24_RS21905
2701,51,EQU24_RS21910
2702,52,EQU24_RS00075
2703,52,EQU24_RS00250
2704,52,EQU24_RS01030
2705,52,EQU24_RS01055
2706,52,EQU24_RS01155
2707,52,EQU24_RS01435
2708,52,EQU24_RS01540
2709,52,EQU24_RS03435
2710,52,EQU24_RS04370
2711,52,EQU24_RS04380
2712,52,EQU24_RS04605
2713,52,EQU24_RS05305
2714,52,EQU24_RS06145
2715,52,EQU24_RS07145
2716,52,EQU24_RS08030
2717,52,EQU24_RS08150
2718,52,EQU24_RS08265
2719,52,EQU24_RS08460
2720,52,EQU24_RS08490
2721,52,EQU24_RS08715
2722,52,EQU24_RS08810
2723,52,EQU24_RS08840
2724,52,EQU24_RS08855
2725,52,EQU24_RS08980
2726,52,EQU24_RS09155
2727,52,EQU24_RS10490
2728,52,EQU24_RS10535
2729,52,EQU24_RS12125
2730,52,EQU24_RS12135
2731,52,EQU24_RS12180
2732,52,EQU24_RS12185
2733,52,EQU24_RS12210
2734,52,EQU24_RS12815
2735,52,EQU24_RS13040
2736,52,EQU24_RS13485
2737,52,EQU24_RS13490
2738,52,EQU24_RS13510
2739,52,EQU24_RS13620
2740,52,EQU24_RS13855
2741,52,EQU24_RS14480
2742,52,EQU24_RS14500
2743,52,EQU24_RS14555
2744,52,EQU24_RS14760
2745,52,EQU24_RS14775
2746,52,EQU24_RS14930
2747,52,EQU24_RS15730
2748,52,EQU24_RS16355
2749,52,EQU24_RS16380
2750,52,EQU24_RS17090
2751,52,EQU24_RS17150
2752,52,EQU24_RS17210
2753,52,EQU24_RS17220
2754,52,EQU24_RS17225
2755,52,EQU24_RS17235
2756,52,EQU24_RS17260
2757,52,EQU24_RS17305
2758,52,EQU24_RS17325
2759,52,EQU24_RS17360
2760,52,EQU24_RS17375
2761,52,EQU24_RS17510
2762,52,EQU24_RS18585
2763,52,EQU24_RS19095
2764,52,EQU24_RS19435
2765,52,EQU24_RS20325
2766,52,EQU24_RS20565
2767,52,EQU24_RS20590
2768,52,EQU24_RS20595
2769,52,EQU24_RS20610
2770,52,EQU24_RS20765
2771,52,EQU24_RS20900
2772,52,EQU24_RS21145
